keyword,language,topic,topicColor,keywordColor,limitPages,ratioNew
'Chris Luxon',en,unknown,#111111,#111111,2,0.5132845229999999
'Vinod Khosla',en,unknown,#111111,#111111,1,0.511350135
'Kara Hurst',en,unknown,#111111,#111111,1,0.510450045
'Hans-Werner Sinn',en,unknown,#111111,#111111,1,0.510150015
'Ulrike hermann',en,unknown,#111111,#111111,1,0.510150015
'Melanie Guttmann',en,unknown,#111111,#111111,1,0.51
'Henning Jeschke',en,unknown,#111111,#111111,1,0.51
'Maria Sacharowa',en,unknown,#111111,#111111,1,0.51
'JD Vance',en,unknown,#111111,#111111,3,0.5057460346636363
'Keith Kellogg',en,unknown,#111111,#111111,2,0.4945527393548387
'Mark Carney',en,unknown,#111111,#111111,3,0.4904421596697581
'Gayle King',en,unknown,#111111,#111111,3,0.4837586843621575
'Jennifer Morgan',en,unknown,#111111,#111111,2,0.4774342337727273
'Jamie Dimon',en,USA,#18e8e8,#18e8e8,3,0.4703038408182102
'Sandy Hook',en,unknown,#111111,#111111,3,0.470008918993923
'Pat McAfee',en,unknown,#111111,#111111,3,0.4694919830033678
'Joe Jonas',en,unknown,#111111,#111111,3,0.4694881126354004
'Jacoby Brissett',en,unknown,#111111,#111111,3,0.4693941850757593
'Prince Andrew',en,UK,#e838e8,#e838e8,3,0.4678592201147728
'Jean Carroll',en,USA,#18e8e8,#18e8e8,3,0.4675158013004009
'Prince Charles',en,UK,#e838e8,#e838e8,3,0.4657611804516616
'Emily Blunt',en,unknown,#111111,#111111,3,0.4656559746428906
'Jennifer Lopez',en,unknown,#111111,#111111,3,0.465438248030122
'Zach Bryan',en,unknown,#111111,#111111,3,0.4652609372289304
'Sara Haines',en,unknown,#111111,#111111,3,0.4650267259940769
'Sean Hannity',en,unknown,#111111,#111111,3,0.4646966579632691
'Billie Eilish',en,unknown,#111111,#111111,3,0.4643460591720645
'Jason Whitlock',en,unknown,#111111,#111111,3,0.4641666219124506
'Margot Robbie',en,unknown,#111111,#111111,3,0.4638953233245837
'Jack Antonoff',en,unknown,#111111,#111111,3,0.4633782865984226
'Benedict XVI',en,Vatikan,#58b8e8,#58b8e8,3,0.4624479098448941
'Meghan Markle',en,UK,#e838e8,#e838e8,3,0.4621571516806604
'Angelina Jolie',en,unknown,#111111,#111111,3,0.4620264017996788
'Tom Brady',en,unknown,#111111,#111111,3,0.4619499078591072
'Margaret Qualley',en,unknown,#111111,#111111,3,0.4614933035035954
'Dua Lipa',en,unknown,#111111,#111111,3,0.46144555650156
'Javier Milei',en,unknown,#111111,#111111,3,0.4613851600372438
'Drake Maye',en,unknown,#111111,#111111,3,0.4609442513953192
'Bronny James',en,unknown,#111111,#111111,3,0.4608577549967321
'Carter Reum',en,unknown,#111111,#111111,3,0.460785640088339
'John Fetterman',en,unknown,#111111,#111111,3,0.4594444187771892
'Tucker Carlson',en,USA,#18e8e8,#18e8e8,3,0.459289935755147
"'Dwayne ""The Rock"" Johnson'",en,unknown,#111111,#111111,3,0.4590877023239058
'Martha MacCallum',en,unknown,#111111,#111111,3,0.4589351934361841
'König Felipe VI',en,Spanien,#111111,#111111,2,0.4585471131874999
'Jonathan Turley',en,unknown,#111111,#111111,3,0.4573099172434338
'Derek Chauvin',en,unknown,#111111,#111111,2,0.456845686057228
'Elon Musk',en,USA,#18e8e8,#18e8e8,3,0.4568326000769048
'Jared Kushner',en,unknown,#111111,#111111,3,0.4568016566555602
'Sabrina Carpenter',en,unknown,#111111,#111111,3,0.4565709801168391
'Taylor Swift',en,unknown,#111111,#111111,3,0.4563861885906472
'Barry Keoghan',en,unknown,#111111,#111111,3,0.4562759600374858
'Lauren Sanchez',en,USA,#18e8e8,#18e8e8,3,0.4561565544608524
'Mike Johnson',en,unknown,#111111,#111111,3,0.4558581013419318
'Kate Hudson',en,unknown,#111111,#111111,3,0.4544621282675711
'George Clooney',en,USA,#18e8e8,#18e8e8,3,0.4542750438453295
'Cara Delevingne',en,unknown,#111111,#111111,3,0.4537459527297873
'Christian Günther',en,unknown,#111111,#111111,1,0.4536570077142857
'Aubrey Plaza',en,unknown,#111111,#111111,3,0.4532516126563859
'Phoebe Bridgers',en,unknown,#111111,#111111,3,0.4531571860119179
'Chuck Schumer',en,unknown,#111111,#111111,3,0.4524172997288569
'Valérie Hayer',en,unknown,#111111,#111111,2,0.4523000399147857
'Ayo Edebiri',en,unknown,#111111,#111111,3,0.4520594651830971
'Pope Francis',en,Vatikan,#58b8e8,#58b8e8,3,0.4518583358437159
'Indiana Jones',en,unknown,#111111,#111111,2,0.4514407505991244
'Andy Cohen',en,unknown,#111111,#111111,3,0.4503285563099509
'Stormy Daniels',en,USA,#18e8e8,#18e8e8,3,0.4500019455589806
'Angel Reese',en,USA,#18e8e8,#18e8e8,3,0.4485596491657423
'Eric Trump',en,unknown,#111111,#111111,3,0.4484881171884486
'Ivanka Trump',en,unknown,#111111,#111111,3,0.4484103857354088
'Kate Middleton',en,UK,#e838e8,#e838e8,3,0.4482446505645464
'Vladimir Putin',en,Russland,#e81818,#e81818,3,0.4482064720887189
'Prince Harry',en,UK,#e838e8,#e838e8,3,0.4475723459219523
'Sam Bankman-Fried',en,unknown,#111111,#111111,3,0.4474949743977114
'Don Lemon',en,USA,#18e8e8,#18e8e8,3,0.4468898724312945
'Eliot Wolf',en,unknown,#111111,#111111,3,0.4453004334225487
'Nikki Glaser',en,unknown,#111111,#111111,2,0.4447428422861836
'Howard Stern',en,unknown,#111111,#111111,3,0.4443239026123258
'Jeffrey Epstein',en,USA,#18e8e8,#18e8e8,3,0.4440112297405543
'James Biden',en,unknown,#111111,#111111,3,0.4435131313467029
'Emma Stone',en,unknown,#111111,#111111,3,0.4434987537320068
'Dawn Staley',en,unknown,#111111,#111111,3,0.4418929764578991
'Brian Kilmeade',en,unknown,#111111,#111111,3,0.4416219700632676
'Kamilla Cardoso',en,unknown,#111111,#111111,2,0.4414011220138161
'Chris Hemsworth',en,unknown,#111111,#111111,3,0.4408408853425302
'Radical Optimism',en,unknown,#111111,#111111,3,0.4406333960161955
'Marco Rubio',en,USA,#18e8e8,#18e8e8,3,0.4401643720580503
'Alexander Smirnov',en,unknown,#111111,#111111,3,0.4398580053195104
'Jason Kelce',en,unknown,#111111,#111111,3,0.4398561631572002
'Bret Baier',en,unknown,#111111,#111111,3,0.4385253604254094
'Olivia Rodrigo',en,unknown,#111111,#111111,3,0.4384650758556641
'Hunter Biden',en,USA,#18e8e8,#18e8e8,3,0.4380582464340908
'Nawaz Sharif',en,unknown,#111111,#111111,3,0.4377856510250612
'Donald Trump',en,USA,#18e8e8,#18e8e8,3,0.4376690784198419
'Jesse Watters',en,USA,#18e8e8,#18e8e8,3,0.4375177660063241
'Matt Gaetz',en,unknown,#111111,#111111,3,0.4374570296998578
'Nancy Mace',en,unknown,#111111,#111111,3,0.437237691074168
'Ron Johnson',en,unknown,#111111,#111111,3,0.4371466317111
'Gisele Bündchen',en,unknown,#111111,#111111,3,0.4363704187923435
'Georg Bätzing',en,Deutschland,#1818e8,#1818e8,2,0.4356129013892499
'George Floyd',en,USA,#18e8e8,#18e8e8,3,0.4351820397203407
'Aaron Rodgers',en,unknown,#111111,#111111,3,0.434834502691415
'Jerod Mayo',en,unknown,#111111,#111111,3,0.4347820188597814
'Britney Spears',en,unknown,#111111,#111111,3,0.4345190814602667
'Rudy Giuliani',en,USA,#18e8e8,#18e8e8,3,0.4344798704308434
'Mark Hertsgaard',en,unknown,#111111,#111111,2,0.4340687562673703
'Melania Trump',en,unknown,#111111,#111111,3,0.4340676270875954
'Kim Yo Jong',en,NordKorea,#111111,#111111,2,0.4336339441231947
'Charlie Munger',en,unknown,#111111,#111111,3,0.4334576032166166
'Robert Kennedy',en,USA,#18e8e8,#18e8e8,3,0.4326123296901584
'Meryl Streep',en,unknown,#111111,#111111,3,0.432493571316314
'Chris Wright',en,USA,#18e8e8,#18e8e8,3,0.4322504078477273
'Chelsea Handler',en,USA,#18e8e8,#18e8e8,3,0.4322291238088234
'Hugh Grant',en,unknown,#111111,#111111,3,0.431820460276266
'Marjorie Taylor Greene',en,USA,#18e8e8,#18e8e8,3,0.4315208880259907
'Ana Navarro',en,unknown,#111111,#111111,3,0.431262963983809
'Paul Gosar',en,USA,#18e8e8,#18e8e8,3,0.4310869115083519
'Nikki Haley',en,USA,#18e8e8,#18e8e8,3,0.4305101877680655
'Mindy Kaling',en,unknown,#111111,#111111,3,0.4302618176994904
'Brittany Mahomes',en,unknown,#111111,#111111,3,0.4298013190336567
'Sherri Shepherd',en,unknown,#111111,#111111,1,0.4294847156921221
'Robin Roberts',en,unknown,#111111,#111111,3,0.4293322464220568
'Noor Alfallah',en,USA,#18e8e8,#18e8e8,3,0.4288197912919074
'Benny Blanco',en,unknown,#111111,#111111,2,0.4285603641580055
'Anya Taylor-Joy',en,unknown,#111111,#111111,3,0.4282951832065316
'Lionel Messi',en,Argentinien,#111111,#111111,3,0.4278877752318322
'Lily Gladstone',en,unknown,#111111,#111111,3,0.4277285585824035
'Mark Meadows',en,unknown,#111111,#111111,3,0.4273903153523611
'Prince Archie',en,UK,#e838e8,#e838e8,3,0.427101229314858
'Julia Louis-Dreyfus',en,unknown,#111111,#111111,3,0.4268248126419359
'Lewis Kaplan',en,unknown,#111111,#111111,3,0.4266894931156113
'Peyton Manning',en,unknown,#111111,#111111,3,0.4264708754729812
'LeBron James',en,unknown,#111111,#111111,3,0.4263512152959414
'Joaquim Valente',en,unknown,#111111,#111111,1,0.4263506247683148
'Mark Cuban',en,unknown,#111111,#111111,3,0.42575876917349
'Robert Badinter',en,unknown,#111111,#111111,1,0.4256380769843358
'Paul Whelan',en,USA,#18e8e8,#18e8e8,3,0.4252730268909402
'Kim Reynolds',en,unknown,#111111,#111111,3,0.4249248055578872
'Jon Hamm',en,unknown,#111111,#111111,3,0.4246290741755174
'Yorgos Lanthimos',en,unknown,#111111,#111111,3,0.4244549411519211
'Meg Bellamy',en,UK,#e838e8,#e838e8,2,0.4242286297387467
'Amber Heard',en,USA,#18e8e8,#18e8e8,3,0.4240519771363635
'Chris Christie',en,USA,#18e8e8,#18e8e8,3,0.4238905916168142
'Travis Kelce',en,unknown,#111111,#111111,3,0.4235636955325134
'Sophie Turner',en,unknown,#111111,#111111,3,0.423425345005767
'Chris Stapleton',en,unknown,#111111,#111111,3,0.4232389493764502
'Tiffany Chen',en,USA,#18e8e8,#18e8e8,3,0.423160413597989
'Peter Thiel',en,USA,#18e8e8,#18e8e8,3,0.4227859538826473
'Eva Green',en,unknown,#111111,#111111,3,0.4227806444809336
'Rosa Parks',en,unknown,#111111,#111111,3,0.4227147079005344
'Lara Trump',en,unknown,#111111,#111111,3,0.4226405380464945
'Lauren Boebert',en,USA,#18e8e8,#18e8e8,3,0.4226338377288096
'Andrea Arnold',en,unknown,#111111,#111111,2,0.422514492651765
'Devon Archer',en,unknown,#111111,#111111,3,0.4220628390787838
'Patrick Mahomes',en,unknown,#111111,#111111,3,0.4217030721745238
'Cillian Murphy',en,Irland,#111111,#111111,2,0.4216313847406104
'Recep Tayyip Erdogan',en,Türkei,#111111,#111111,3,0.421579288654781
'Al Nassr',en,unknown,#111111,#111111,3,0.4215218471142852
'James Cleverly',en,UK,#e838e8,#e838e8,3,0.421497860282955
'Gérald Darmanin',en,Frankreich,#e8e808,#e8e808,2,0.42138630425
'Jack Teixeira',en,USA,#18e8e8,#18e8e8,3,0.4212442845361909
'Chuck Todd',en,USA,#18e8e8,#18e8e8,3,0.4206783829772726
'Leonard Bernstein',en,unknown,#111111,#111111,3,0.4205333448661894
'Abraham Lincoln',en,unknown,#111111,#111111,3,0.4203795895600568
'Lana Del Rey',en,unknown,#111111,#111111,3,0.4199082941909109
'Leon Botstein',en,USA,#18e8e8,#18e8e8,2,0.419878784232641
'Missy Elliott',en,unknown,#111111,#111111,3,0.4197834041351739
'Jake Tapper',en,unknown,#111111,#111111,3,0.4197349803589802
'Cameron Brink',en,unknown,#111111,#111111,3,0.4197191283758598
'Hubert Aiwanger',en,unknown,#111111,#111111,2,0.4196570488150117
'Lindsey Graham',en,USA,#18e8e8,#18e8e8,3,0.4196441722283064
'Rupert Murdoch',en,unknown,#111111,#111111,3,0.4194892567117652
'Teresa Giudice',en,unknown,#111111,#111111,2,0.4194805423732357
'Jack Smith',en,USA,#18e8e8,#18e8e8,3,0.4194195823852669
'Pedro Sánchez',en,Spanien,#111111,#111111,3,0.4193411537465908
'Robert Downey Jr',en,unknown,#111111,#111111,3,0.4187396650196033
'Charles Barkley',en,unknown,#111111,#111111,3,0.4187080674395769
'Lady Gaga',en,USA,#18e8e8,#18e8e8,3,0.4187022339476163
'Caitlin Clark',en,USA,#18e8e8,#18e8e8,3,0.4185255871961323
'Robert Oppenheimer',en,USA,#18e8e8,#18e8e8,2,0.418108245765852
'Bill Barr',en,unknown,#111111,#111111,3,0.4180706747416401
'Drew Bledsoe',en,unknown,#111111,#111111,2,0.4180502822069414
'António Guterres',en,unknown,#111111,#111111,3,0.418049004607304
'Elisabeth Borne',en,Frankreich,#e8e808,#e8e808,2,0.4176855305227273
'Adam Driver',en,unknown,#111111,#111111,3,0.4175249711099317
'Ainsley Earhardt',en,unknown,#111111,#111111,2,0.4174328858333204
'Merrick Garland',en,unknown,#111111,#111111,3,0.4174160452572237
'Pete Davidson',en,USA,#18e8e8,#18e8e8,3,0.417365238277812
'Princess Diana',en,UK,#e838e8,#e838e8,3,0.4169492301000912
'Prince George',en,UK,#e838e8,#e838e8,3,0.4168681434386366
'Matt Damon',en,USA,#18e8e8,#18e8e8,3,0.4167549400170453
'Kim Kardashian',en,USA,#18e8e8,#18e8e8,3,0.4165108261528992
'Selena Gomez',en,unknown,#111111,#111111,3,0.4162366364262487
'Jeff Ross',en,unknown,#111111,#111111,3,0.4161208121534835
'Eric Adams',en,USA,#18e8e8,#18e8e8,3,0.4156645462272726
'Steve Wozniak',en,USA,#18e8e8,#18e8e8,2,0.4156387612272727
'Milo Yiannopoulos',en,UK,#e838e8,#e838e8,2,0.4155084217102929
'Pedro Pascal',en,unknown,#111111,#111111,3,0.4154405684136471
'Bill Belichick',en,unknown,#111111,#111111,3,0.4153031150944907
'Kylie Kelce',en,unknown,#111111,#111111,3,0.4152522173088588
'Reed Richards',en,unknown,#111111,#111111,3,0.4148138029323683
'Ron Howard',en,unknown,#111111,#111111,3,0.414758369603088
'Laurent Berger',en,Frankreich,#e8e808,#e8e808,1,0.4144545539451922
'James Comer',en,unknown,#111111,#111111,3,0.4144020296161753
'Jerry Seinfeld',en,unknown,#111111,#111111,3,0.4142724416825492
'Gigi Hadid',en,unknown,#111111,#111111,3,0.4142287554851864
'Ron DeSantis',en,USA,#18e8e8,#18e8e8,3,0.413908894685469
'Roger Corman',en,unknown,#111111,#111111,2,0.4136547915192774
'Hillary Clinton',en,USA,#18e8e8,#18e8e8,2,0.4126357303181815
'Charlize Theron',en,unknown,#111111,#111111,2,0.4121890445232646
'Ted Cruz',en,USA,#18e8e8,#18e8e8,2,0.411995574559091
'Michelle Williams',en,unknown,#111111,#111111,3,0.4119893034131498
'Lady Di',en,UK,#e838e8,#e838e8,2,0.411773791363636
'Harry Belafonte',en,USA,#18e8e8,#18e8e8,2,0.411744230016534
'Arno Antlitz',en,Deutschland,#1818e8,#1818e8,1,0.411740141525
'Ben Affleck',en,unknown,#111111,#111111,3,0.4117119794444336
'Justin Timberlake',en,unknown,#111111,#111111,3,0.4116264205879065
'Kevin Hart',en,unknown,#111111,#111111,3,0.4115828390482984
'Ryan Gosling',en,unknown,#111111,#111111,3,0.4110100567976419
'Barbara Walters',en,USA,#18e8e8,#18e8e8,3,0.4106310323468179
'Axel Springer',en,Deutschland,#1818e8,#1818e8,3,0.4105437684598294
'Bruce Springsteen',en,USA,#18e8e8,#18e8e8,3,0.410391674187148
'Robin Wall Kimmerer',en,unknown,#111111,#111111,1,0.4101896359642857
'Kim Jong Un',en,NordKorea,#e85858,#e85858,3,0.409979728698276
'Jimmy Kimmel',en,unknown,#111111,#111111,3,0.40996404892685
'Mohammed Bin Salman',en,SaudiArabien,#111111,#111111,3,0.4099471287831788
'Heidi Klum',en,unknown,#111111,#111111,3,0.4098252783757452
'Jake Gyllenhaal',en,unknown,#111111,#111111,3,0.4095590984437029
'Kevin McCarthy',en,USA,#18e8e8,#18e8e8,3,0.4094714433873795
'Matty Healy',en,unknown,#111111,#111111,2,0.4094319576586901
'Berkshire Hathaway',en,USA,#18e8e8,#18e8e8,3,0.4090594962127167
'Kemal Klçdarolu',en,Türkei,#111111,#111111,3,0.408591592181818
'Vivek Ramaswamy',en,USA,#18e8e8,#18e8e8,3,0.4083684542315441
'Finnegan Biden',en,USA,#18e8e8,#18e8e8,2,0.408326584215557
'Chip Somodevilla',en,USA,#18e8e8,#18e8e8,3,0.4082480452806819
'Benny Safdie',en,unknown,#111111,#111111,2,0.4081430721465018
'Mary Lou McDonald',en,Irland,#111111,#111111,3,0.407910047
'Brad Pitt',en,unknown,#111111,#111111,3,0.4077473559598492
'Adolf Hitler',en,Deutschland,#1818e8,#1818e8,3,0.407361853270852
'Suleika Jaouad',en,unknown,#111111,#111111,1,0.4072412954154231
'Mira Murati',en,unknown,#111111,#111111,2,0.4071792880336711
'Greg Abbott',en,USA,#18e8e8,#18e8e8,3,0.407117904761364
'Sergio Massa',en,unknown,#111111,#111111,1,0.4070267207858997
'Geert Wilders',en,Niederlande,#111111,#111111,2,0.4067729731136363
'Tom Kaulitz',en,unknown,#111111,#111111,1,0.4066810308509483
'William Shakespeare',en,UK,#e838e8,#e838e8,2,0.406575647129545
'Jane Fonda',en,unknown,#111111,#111111,3,0.4065702511529833
'Bradley Cooper',en,unknown,#111111,#111111,3,0.406299856925332
'Greg Brockman',en,unknown,#111111,#111111,1,0.4062128307391993
'Alvin Bragg',en,USA,#18e8e8,#18e8e8,3,0.4059719168387483
'George Miller',en,unknown,#111111,#111111,3,0.4059020607355846
'Mary Robinson',en,unknown,#111111,#111111,3,0.4052165719670454
'Maria Bartiromo',en,unknown,#111111,#111111,3,0.4052025361605165
'Gavin Newsom',en,unknown,#111111,#111111,3,0.4051900359807795
'Antonio Brown',en,unknown,#111111,#111111,3,0.4050791796721773
'Martin Scorsese',en,USA,#18e8e8,#18e8e8,2,0.4045932111613636
'Victoria Monét',en,unknown,#111111,#111111,3,0.4045533487917372
'Roman Pacino',en,unknown,#111111,#111111,1,0.4044551468176358
'Mathias Döpfner',en,Deutschland,#1818e8,#1818e8,1,0.404327780875
'Demi Moore',en,unknown,#111111,#111111,3,0.4043202758805299
'Carey Mulligan',en,unknown,#111111,#111111,1,0.4042111868545511
'Andrew Schulz',en,unknown,#111111,#111111,3,0.4040754100545948
'Martin Luther King',en,USA,#18e8e8,#18e8e8,3,0.4040586180023721
'Pablo Picasso',en,Spanien,#111111,#111111,3,0.4040473068863635
'Marine Le Pen',en,Frankreich,#e8e808,#e8e808,3,0.4038867128897727
'Mark Kerr',en,unknown,#111111,#111111,3,0.4038655830563301
'Matt Lauer',en,unknown,#111111,#111111,2,0.4036037732417056
'Elizabeth Warren',en,unknown,#111111,#111111,3,0.4032419324597965
'Al Pacino',en,USA,#18e8e8,#18e8e8,3,0.4029518811789756
'Robert de Niro',en,USA,#18e8e8,#18e8e8,3,0.4025312920080482
'Prince William',en,UK,#e838e8,#e838e8,3,0.4022951498271023
'Camilla',en,UK,#e838e8,#e838e8,3,0.4021467632519318
'Bill Clinton',en,USA,#18e8e8,#18e8e8,3,0.4019525259399968
'Camille Etienne',en,Frankreich,#e8e808,#e8e808,2,0.401821122864035
'Maya Rudolph',en,unknown,#111111,#111111,3,0.4015470628642358
'Nick Fuentes',en,USA,#18e8e8,#18e8e8,3,0.40141514063
'Colin Farrell',en,unknown,#111111,#111111,3,0.4013655084872289
'Steve Scalise',en,unknown,#111111,#111111,3,0.4013552243347687
'America Ferrera',en,unknown,#111111,#111111,2,0.4011272088518458
'Tyson Fury',en,unknown,#111111,#111111,3,0.4011081657500321
'George Bush',en,USA,#18e8e8,#18e8e8,3,0.4010339907049995
'Tony Bennett',en,USA,#18e8e8,#18e8e8,3,0.4010328505236231
'Hazel Monét',en,unknown,#111111,#111111,1,0.4009203301483356
'Eric Ciotti',en,Frankreich,#e8e808,#e8e808,1,0.4007751275
'Irina Shayk',en,unknown,#111111,#111111,2,0.4005355044221617
'Greta Gerwig',en,unknown,#111111,#111111,2,0.4004360537482884
'Sergio Mattarella',en,Italien,#111111,#111111,2,0.4001925296022727
'Kim Mulkey',en,unknown,#111111,#111111,2,0.3999611512847337
'David Weiss',en,unknown,#111111,#111111,3,0.3998613382202295
'Sam Altman',en,USA,#18e8e8,#18e8e8,3,0.3997137825215421
'Katy Perry',en,USA,#18e8e8,#18e8e8,3,0.3995796965434094
'Pippa Middleton',en,UK,#e838e8,#e838e8,3,0.3995331546075857
'Willie Nelson',en,unknown,#111111,#111111,3,0.3994828434199897
'James Cameron',en,USA,#18e8e8,#18e8e8,3,0.3993062787741476
'Billy Crystal',en,unknown,#111111,#111111,3,0.399233393217099
'Chris Kirkpatrick',en,unknown,#111111,#111111,1,0.3990792051999169
'Yevgeny Prigozhin',en,Russland,#e81818,#e81818,3,0.398684223158772
'Jeffrey Donaldson',en,Irland,#111111,#111111,2,0.3984304012259471
'King Charles III',en,UK,#e838e8,#e838e8,3,0.3983445095824807
'Joe Alwyn',en,unknown,#111111,#111111,2,0.3979871360458984
'Michael Cohen',en,USA,#18e8e8,#18e8e8,3,0.3979750659735508
'Jill Biden',en,USA,#18e8e8,#18e8e8,3,0.3974688483452221
'David Koch',en,unknown,#111111,#111111,3,0.3974271430474869
'Sam H',en,unknown,#111111,#111111,2,0.3973205540488556
'Dwayne Johnson',en,unknown,#111111,#111111,3,0.3971357624304539
'Viktor Shokin',en,unknown,#111111,#111111,1,0.3970082889217202
'Sultan al-Jaber',en,VAE,#111111,#111111,3,0.397003494840909
'Alyssa Farah Griffin',en,unknown,#111111,#111111,3,0.3969472489486844
'Henry Kissinger',en,USA,#18e8e8,#18e8e8,2,0.396635537565398
'Yoon Suk Yeol',en,SüdKorea,#111111,#111111,3,0.396587234843372
'Kanye West',en,USA,#18e8e8,#18e8e8,3,0.3965520218991236
'Winston Churchill',en,UK,#e838e8,#e838e8,3,0.3962021906754582
'Robert Kraft',en,unknown,#111111,#111111,3,0.3961248685467157
'Millie Mackintosh',en,UK,#e838e8,#e838e8,1,0.395864945181818
'Queen Elizabeth II',en,UK,#e838e8,#e838e8,3,0.395841266130685
'Jennifer Garner',en,unknown,#111111,#111111,3,0.3957842128569512
'Paris Hilton',en,unknown,#111111,#111111,3,0.3956381054734756
'Ahmed Al Jaber',en,unknown,#111111,#111111,2,0.3955922368840908
'George Santos',en,USA,#18e8e8,#18e8e8,3,0.3953617993172756
'Tony Bobulinski',en,unknown,#111111,#111111,2,0.3953409144632629
'Leandro De Niro-Rodriguez',en,unknown,#111111,#111111,1,0.3949519822603689
'Jessica Biel',en,unknown,#111111,#111111,2,0.3947975027312674
'Matt Winkelmeyer',en,unknown,#111111,#111111,2,0.394601458643609
'Oprah Winfrey',en,USA,#18e8e8,#18e8e8,3,0.3944945193115747
'nan nan',en,unknown,#111111,#111111,2,0.3942603856382875
'Pope Benedict',en,Vatikan,#58b8e8,#58b8e8,3,0.394226217909091
'Laura Ingraham',en,USA,#18e8e8,#18e8e8,3,0.3938946273010715
'Geoffrey Hinton',en,UK,#e838e8,#e838e8,3,0.3933352143676561
'Leonardo DiCaprio',en,USA,#18e8e8,#18e8e8,3,0.3932127394749063
'Tom Hanks',en,unknown,#111111,#111111,3,0.3931775712608212
'Joy Behar',en,unknown,#111111,#111111,3,0.3930882600586563
'Alex Jones',en,unknown,#111111,#111111,3,0.392996174189314
'Lionel Richie',en,USA,#18e8e8,#18e8e8,3,0.3927705735558462
'Jeff Bezos',en,USA,#18e8e8,#18e8e8,3,0.3925879429780445
'Harrison Ford',en,unknown,#111111,#111111,3,0.392426947368355
'Mick Jagger',en,unknown,#111111,#111111,3,0.3921206818706264
'Oleksandr Usyk',en,unknown,#111111,#111111,3,0.3912381123739555
'Silvio Berlusconi',en,Italien,#111111,#111111,2,0.3910525587173176
'Billionaire Bunker',en,unknown,#111111,#111111,3,0.3905898490248989
'Francis Ford Coppola',en,unknown,#111111,#111111,3,0.3904199874327961
'Miley Cyrus',en,unknown,#111111,#111111,3,0.3903348239677816
'Michael Walzer',en,USA,#18e8e8,#18e8e8,1,0.3900818735987499
'Vassily Nebenzia',en,Russland,#e81818,#e81818,3,0.3900715472641649
'Sheryl Crow',en,unknown,#111111,#111111,3,0.3899055221323551
'Lauren Sánchez',en,USA,#18e8e8,#18e8e8,2,0.3895290462227273
'Narendra Modi',en,Indien,#111111,#111111,3,0.389458846228051
'Nathalie Emmanuel',en,unknown,#111111,#111111,2,0.3888686106142962
'Volodymyr Zelenskiy',en,Ukraine,#e818e8,#e818e8,3,0.3888551212491367
'Pedro Sánchez Pérez-Castejón',en,Spanien,#111111,#111111,1,0.3886306377499999
'Sunny Hostin',en,unknown,#111111,#111111,2,0.3886251820358297
'Gérard Larcher',en,unknown,#111111,#111111,2,0.388331725401323
'George Washington',en,USA,#18e8e8,#18e8e8,3,0.3880506678617044
'Bob Menendez',en,unknown,#111111,#111111,3,0.3872506672929786
'Stephen Hawking',en,UK,#e838e8,#e838e8,3,0.3871799265249015
'Caroline Ellison',en,unknown,#111111,#111111,2,0.3868372884724917
'Hailey Van Lith',en,unknown,#111111,#111111,2,0.3865053476771335
'Johnny Depp',en,USA,#18e8e8,#18e8e8,3,0.3863471999243401
'Cristiano Ronaldo',en,Portugal,#111111,#111111,2,0.3862432000329546
'Lance Bass',en,unknown,#111111,#111111,1,0.3856487052757034
'Élisabeth Borne',en,Frankreich,#e8e808,#e8e808,2,0.3850051559545454
'Fani Willis',en,unknown,#111111,#111111,3,0.3848321212041506
'Sam Asghari',en,unknown,#111111,#111111,1,0.3845684795212871
'Prince Louis',en,UK,#e838e8,#e838e8,3,0.384201885729489
'Jordan Neely',en,USA,#18e8e8,#18e8e8,1,0.3840488497334579
'Oisin Fanning',en,Irland,#111111,#111111,1,0.38350041625
'Jimmy Carter',en,USA,#18e8e8,#18e8e8,3,0.3832220366334228
'Willem Dafoe',en,unknown,#111111,#111111,3,0.3831414562660519
'Raphael Warnock',en,USA,#18e8e8,#18e8e8,2,0.3829958488744703
'Rand Paul',en,unknown,#111111,#111111,3,0.3826937248065604
'Linda Yaccarino',en,USA,#18e8e8,#18e8e8,1,0.38240500854276
'Robert De Niro',en,USA,#18e8e8,#18e8e8,3,0.3821945654229572
'Herbert Diess',en,Deutschland,#1818e8,#1818e8,2,0.381664652674242
'Recep Tayyip Erdoan',en,Türkei,#111111,#111111,3,0.3815378881007805
'Omar Sy',en,unknown,#111111,#111111,2,0.3813211340425897
'Lachlan Murdoch',en,UK,#e838e8,#e838e8,3,0.3810464941782194
'Gisele Bundchen',en,unknown,#111111,#111111,2,0.3802712009030208
'Leni Klum',en,unknown,#111111,#111111,2,0.3800290619166819
'Barbara Sturm',en,Deutschland,#1818e8,#1818e8,2,0.3800082493446827
'Gabriel Attal',en,unknown,#111111,#111111,2,0.3799345949490385
'Wang Wentao',en,China,#e88818,#e88818,3,0.3795017878222103
'Helena Gualinga',en,unknown,#111111,#111111,2,0.3789690636730393
'John Paul II',en,Vatikan,#58b8e8,#58b8e8,3,0.3788385944090909
'Tim Cook',en,USA,#18e8e8,#18e8e8,3,0.3788150966689651
'Juliette Binoche',en,unknown,#111111,#111111,1,0.3787695680638867
'Ines de Ramon',en,unknown,#111111,#111111,1,0.3786210356702248
'Jon Batiste',en,unknown,#111111,#111111,2,0.3783877854159058
'Anne Will',en,Deutschland,#1818e8,#1818e8,2,0.377750428514773
'Penny Mordaunt',en,UK,#e838e8,#e838e8,1,0.3776195878504714
'Alexander De Croo',en,Belgien,#111111,#111111,1,0.3774357111238636
'Tim Scott',en,USA,#18e8e8,#18e8e8,3,0.3769338003657941
'Napoleon Bonaparte',en,Frankreich,#e8e808,#e8e808,3,0.3768089052306657
'Herschel Walker',en,USA,#18e8e8,#18e8e8,2,0.3766604086611476
'Chris Hipkins',en,Neuseeland,#1818e8,#1818e8,3,0.3763690683000004
'nan Si',en,unknown,#111111,#111111,1,0.3763188631801449
'Faith Birol',en,unknown,#111111,#111111,1,0.3762829483975
'Putin',en,Russland,#e81818,#e81818,3,0.3755934272303734
'Ronna McDaniel',en,unknown,#111111,#111111,2,0.3752414916230247
'Lawrence Jones',en,unknown,#111111,#111111,3,0.3749910308405556
'Hendrik Wüst',en,Deutschland,#1818e8,#1818e8,1,0.374587953775
'Gerald Darmanin',en,unknown,#111111,#111111,1,0.3745266047034978
'Karim Benzema',en,Frankreich,#e8e808,#e8e808,3,0.3744024619420454
'Nicolas Sarkozy',en,unknown,#111111,#111111,2,0.3738855527802417
'Jeanne du Barry',en,Frankreich,#e8e808,#e8e808,1,0.3738395672162831
'Volodymyr Zelenskyy',en,Ukraine,#e818e8,#e818e8,3,0.3735374992232371
'Bridget Moynahan',en,unknown,#111111,#111111,1,0.3733481441511436
'Steve Doocy',en,unknown,#111111,#111111,2,0.3727458997417774
'Patrick Graichen',en,Deutschland,#1818e8,#1818e8,1,0.3724918396875
'Michelle O\'Neill',en,Irland,#111111,#111111,3,0.3721309198651624
'Steve Jobs',en,USA,#18e8e8,#18e8e8,3,0.3721206013182359
'Tasneem Essop',en,unknown,#111111,#111111,1,0.371473933
'Steven Spielberg',en,USA,#18e8e8,#18e8e8,3,0.3709641794664772
'Cassidy Hutchinson',en,unknown,#111111,#111111,2,0.3708635759279836
'Julian Edelman',en,unknown,#111111,#111111,2,0.3699113363884334
'Akshata Murty',en,Indien,#111111,#111111,2,0.3698238303765608
'Kemal Kiliçdaroglu',en,Türkei,#111111,#111111,1,0.3697498615410713
'Drena De Niro',en,USA,#18e8e8,#18e8e8,2,0.3693221098636363
'Afida Turner',en,Frankreich,#e8e808,#e8e808,1,0.3688026068634686
'Petro Poroshenko',en,unknown,#111111,#111111,1,0.3685384025549144
'Joe Biden',en,USA,#18e8e8,#18e8e8,3,0.3667259496198617
'Christian Kroll',en,Deutschland,#1818e8,#1818e8,1,0.3665864645462499
'Sarah Stier',en,unknown,#111111,#111111,3,0.3664506631528372
'Rachida Dati',en,unknown,#111111,#111111,1,0.3662435901156727
'Robert Sesselmann',en,Deutschland,#1818e8,#1818e8,2,0.3656082162499999
'Matteo Salvini',en,Italien,#111111,#111111,2,0.3655365853583041
'Jamie Spears',en,unknown,#111111,#111111,2,0.365303763290024
'Evan Gershkovich',en,USA,#18e8e8,#18e8e8,3,0.3647094591959337
'Sergei Shoigu',en,unknown,#111111,#111111,1,0.3642821543131865
'Joey Fatone',en,unknown,#111111,#111111,2,0.3642161816789622
'Tina Turner',en,USA,#18e8e8,#18e8e8,3,0.3637510272556807
'Roger Federer',en,unknown,#111111,#111111,3,0.3634127923176514
'Fabien Roussel',en,unknown,#111111,#111111,1,0.3631513284213319
'Jim Jordan',en,unknown,#111111,#111111,3,0.3624987646996065
'Christopher Nolan',en,USA,#18e8e8,#18e8e8,3,0.3621648873060311
'Scott Morrison',en,Australien,#111111,#111111,3,0.3621097901615712
'Leah McSweeney',en,unknown,#111111,#111111,2,0.3620099681384787
'Peregrine Pearson',en,unknown,#111111,#111111,1,0.3619517298160702
'Camille Cottin',en,unknown,#111111,#111111,1,0.3618049566722732
'Peter Tschentscher',en,Deutschland,#1818e8,#1818e8,2,0.36145317
'Reinhard Marx',en,Deutschland,#1818e8,#1818e8,1,0.3614000914999999
'Noam Chomsky',en,USA,#18e8e8,#18e8e8,2,0.3607716484759088
'Merrill McCollum',en,USA,#18e8e8,#18e8e8,1,0.3601141975987499
'Billy Graham',en,USA,#18e8e8,#18e8e8,3,0.3598892430689205
'Robert Menendez',en,unknown,#111111,#111111,2,0.3597930317281296
'Kemal Kilicdaroglu',en,Türkei,#111111,#111111,2,0.358678357602557
'Rosalynn Carter',en,USA,#18e8e8,#18e8e8,2,0.3581252069431117
'Leonardo da Vinci',en,Italien,#111111,#111111,3,0.3580522669973862
'Boris Johnson',en,UK,#e838e8,#e838e8,3,0.3574162960158356
'Lula da Silva',en,Brasilien,#58e838,#58e848,3,0.3567335879340463
'Edouard Philippe',en,unknown,#111111,#111111,1,0.3567242377557477
'Kemal Kılıçdaroğlu',en,Türkei,#111111,#111111,1,0.3566000788640424
'Daniel Penny',en,USA,#18e8e8,#18e8e8,3,0.3560641137930571
'Mark Rutte',en,Niederlande,#111111,#111111,3,0.3546075923802787
'Andrew Tate',en,USA,#18e8e8,#18e8e8,2,0.35428939175
'Stockton Rush',en,USA,#18e8e8,#18e8e8,3,0.3542800823477272
'Jean-Luc Mélenchon',en,unknown,#111111,#111111,2,0.3538600621500122
'Olaf Scholz',en,Deutschland,#1818e8,#1818e8,3,0.353801249417119
'Leandro De Niro Rodriguez',en,USA,#18e8e8,#18e8e8,1,0.3535226142999998
'Kristen Wiig',en,unknown,#111111,#111111,3,0.3531260356519547
'Alfred Nobel',en,Schweden,#111111,#111111,3,0.3525366704648069
'Kamala Harris',en,USA,#18e8e8,#18e8e8,3,0.3514065604154801
'Helmut Kohl',en,Deutschland,#1818e8,#1818e8,1,0.3511438589262379
'Patti LaBelle',en,USA,#18e8e8,#18e8e8,1,0.3508700774763445
'King Charles',en,UK,#e838e8,#e838e8,3,0.3501801957251939
'Johan Rockström',en,unknown,#111111,#111111,1,0.3499910154699999
'Queen Camilla',en,UK,#e838e8,#e838e8,3,0.3494038458196475
'Bettina Stark-Watzinger',en,Deutschland,#1818e8,#1818e8,2,0.3475528720687499
'Margaret Thatcher',en,UK,#e838e8,#e838e8,3,0.3459014514086916
'Henry Ford',en,USA,#18e8e8,#18e8e8,3,0.345432312287949
'Tim Malone',en,unknown,#111111,#111111,3,0.344133652966417
'Kyle Pope',en,unknown,#111111,#111111,1,0.3440898213832953
'Isaac Newton',en,UK,#e838e8,#e838e8,3,0.343819546867272
'Ferdinand Dudenhöffer',en,Deutschland,#1818e8,#1818e8,1,0.3435599356224999
'Rudolf Steiner',en,Oesterreich,#111111,#111111,1,0.3435430331076918
'Kai Wegner',en,Deutschland,#1818e8,#1818e8,1,0.3430846826913157
'Cem Özdemir',en,Deutschland,#1818e8,#1818e8,2,0.3413336467196425
'Jan Lipavský',en,Tschechien,#111111,#111111,1,0.3410184166481249
'Emmanuel Macron',en,Frankreich,#e8e808,#e8e808,3,0.3407477198811688
'Yaël Braun-Pivet',en,unknown,#111111,#111111,1,0.3394825505353268
'Paul-Henry Nargeolet',en,Frankreich,#e8e808,#e8e808,3,0.3391518067977272
'Bruno Retailleau',en,Frankreich,#e8e808,#e8e808,2,0.3390892955819233
'Ed McVey',en,UK,#e838e8,#e838e8,1,0.3382402632177319
'Konrad Adenauer',en,Deutschland,#1818e8,#1818e8,2,0.3366240018700734
'John Rawls',en,USA,#18e8e8,#18e8e8,1,0.3349546959392854
'Bruno Le Maire',en,Frankreich,#e8e808,#e8e808,2,0.3344510357113163
'Pap Ndiaye',en,unknown,#111111,#111111,1,0.3293632042933479
'Buzz Aldrin',en,USA,#18e8e8,#18e8e8,1,0.3293629239209089
'Albert Einstein',en,Deutschland,#1818e8,#1818e8,3,0.3281354658696475
'Marine Le Pen',en,Frankreich,#e8e808,#e8e808,3,0.327800639565706
'Charles III',en,UK,#e838e8,#e838e8,3,0.327601171231922
'Vo Van Thuong',en,unknown,#111111,#111111,1,0.3275534589805712
'Friederike Otto',en,Deutschland,#1818e8,#1818e8,1,0.3260961458856249
'Péter Szijjártó',en,Ungarn,#111111,#111111,2,0.3240301487768481
'Karl Jenkins',en,UK,#e838e8,#e838e8,2,0.3221342235926135
'Richard Feynman',en,USA,#18e8e8,#18e8e8,2,0.3200087095195301
'Ottmar Edenhofer',en,Deutschland,#1818e8,#1818e8,1,0.31950740834875
'Willy Brandt',en,Deutschland,#1818e8,#1818e8,2,0.319230817680828
'Shahzada Dawood',en,Pakistan,#111111,#111111,1,0.3184901513806817
'Andrei Sacharow',en,Russland,#e81818,#e81818,1,0.3184238124999999
'Lea Bonasera',en,Deutschland,#1818e8,#1818e8,1,0.3184238124999999
'Chad Frischmann',en,USA,#18e8e8,#18e8e8,1,0.3184238124999999
'Maja Göpel',en,Deutschland,#1818e8,#1818e8,1,0.3184238124999999
'Hilda Nakabuye',en,Uganda,#111111,#111111,1,0.3184238124999999
'MacKenzie Scott',en,USA,#18e8e8,#18e8e8,3,0.3176171254583893
'Warren Buffet',en,USA,#18e8e8,#18e8e8,3,0.317122027019743
'Sergei Surovikin',en,Russland,#e81818,#e81818,1,0.3150776801382385
'Robert Nozick',en,USA,#18e8e8,#18e8e8,2,0.3145020331079117
'Matthias Müller',en,Deutschland,#1818e8,#1818e8,1,0.31388971201125
'Ralf Dieter',en,Deutschland,#1818e8,#1818e8,1,0.3134396485875
'Brian Kozlowski',en,USA,#18e8e8,#18e8e8,1,0.31320375
'Tulsin Gabbard',en,USA,#18e8e8,#18e8e8,1,0.31320375
'Malu Dreyer',en,Deutschland,#1818e8,#1818e8,1,0.3114531699999999
'Steve Milloy',en,USA,#18e8e8,#18e8e8,1,0.3104475480099431
'Mike Pence',en,USA,#18e8e8,#18e8e8,3,0.3089373655988346
'Julian Reichelt',en,Deutschland,#1818e8,#1818e8,2,0.3072114763998855
'Giorgia Meloni',en,Italien,#111111,#111111,3,0.3062708534063517
'Melinda Gates',en,USA,#18e8e8,#18e8e8,3,0.3048615328702266
'Jean-Jacques Rousseau',en,Schweiz,#111111,#111111,1,0.3030158487712762
'Bill Geddie',en,unknown,#111111,#111111,1,0.299312102451869
'Holger Friedrich',en,Deutschland,#1818e8,#1818e8,2,0.2968952327053571
'Premier ministre',en,unknown,#111111,#111111,1,0.294332560596289
'Mario Czaja',en,Deutschland,#1818e8,#1818e8,2,0.2938223625895234
'Recep Tayyip Erdoğan',en,Türkei,#111111,#111111,3,0.293322933515939
'Jens Stoltenberg',en,Norwegen,#e818e8,#e818e8,3,0.2902723797470035
'Olivier Marleix',en,Frankreich,#e8e808,#e8e808,1,0.2902067868125268
'Liz Truss',en,UK,#e838e8,#e838e8,3,0.288453085811433
'Tim Müller',en,Deutschland,#1818e8,#1818e8,1,0.2868081261231731
'Hamish Harding',en,UK,#e838e8,#e838e8,2,0.2866858959766135
'Lars Klingbeil',en,Deutschland,#1818e8,#1818e8,2,0.286647458041668
'Aleksandar Vučić',en,Serbien,#111111,#111111,2,0.281541245468467
'Jordan Bardella',en,Frankreich,#e8e808,#e8e808,1,0.28141566077404
'Katalin Novák',en,Ungarn,#111111,#111111,2,0.280633382133125
'Jacinda Ardern',en,Neuseeland,#1818e8,#1818e8,3,0.2802132817125556
'Moon Hyung-jin',en,USA,#18e8e8,#18e8e8,1,0.278869476151504
'Christian Lindner',en,Deutschland,#1818e8,#1818e8,3,0.277578331234168
'Georg Gänswein',en,Deutschland,#1818e8,#1818e8,1,0.268547120299375
'Hun Sen',en,Kambodscha,#111111,#111111,3,0.265928065094144
'Rishi Sunak',en,UK,#e838e8,#e838e8,3,0.265694943046221
'Annalena Baerbock',en,Deutschland,#1818e8,#1818e8,3,0.2648909508118078
'Jacques Doriot',en,unknown,#111111,#111111,1,0.2635227662437715
'Sophia Chikirou',en,unknown,#111111,#111111,1,0.2632591513820523
'Laura Maria Rypa',en,unknown,#111111,#111111,1,0.2630750968431297
'Luc Terlinden',en,unknown,#111111,#111111,1,0.2628647769953056
'Eva Kaili',en,EU,#111111,#111111,3,0.2625054479876908
'Patricia Blanco',en,Deutschland,#1818e8,#1818e8,1,0.2613641105248465
'Maybrit Illner',en,Deutschland,#1818e8,#1818e8,1,0.2611911580217943
'Franca Lehfeldt',en,Deutschland,#1818e8,#1818e8,1,0.2610031249999999
'Andreas Ellermann',en,Deutschland,#1818e8,#1818e8,1,0.2610031249999999
'Pierre-Yves Dermagne',en,Belgien,#111111,#111111,1,0.2610031249999999
'Markus Lanz',en,Deutschland,#1818e8,#1818e8,1,0.260231479775265
'Xi Jinping',en,China,#e88818,#e88818,3,0.2589227712286888
'Richard Ferrand',en,Frankreich,#e8e808,#e8e808,1,0.2581491130993367
'Nicola Sturgeon',en,UK,#e838e8,#e838e8,3,0.2572194954743593
'Michael Kahle',en,Deutschland,#1818e8,#1818e8,1,0.25669751643625
'Steven Donziger',en,unknown,#111111,#111111,1,0.2547145208329889
'Frank-Walter Steinmeier',en,Deutschland,#1818e8,#1818e8,3,0.251492460588568
'Mateusz Morawiecki',en,Polen,#111111,#111111,3,0.250372010575567
'Alice Weidel',en,Deutschland,#1818e8,#1818e8,3,0.250202495192885
'Christine Lambrecht',en,Deutschland,#1818e8,#1818e8,1,0.249283962031489
'Joseph Ratzinger',en,Vatikan,#58b8e8,#58b8e8,1,0.2485069875439846
'Steven Milloy',en,USA,#18e8e8,#18e8e8,1,0.248178230154469
'Salvador Dali',en,Spanien,#111111,#111111,2,0.248038109787989
'Tamim Hamad Thani',en,Katar,#111111,#111111,3,0.2477044427761362
'Sophia Kianni',en,unknown,#111111,#111111,1,0.2468477507625061
'Mark Zuckerberg',en,USA,#18e8e8,#18e8e8,3,0.2456887002064478
'Paul Ronzheimer',en,Deutschland,#1818e8,#1818e8,2,0.2448245612239102
'Vanessa Nakate',en,unknown,#111111,#111111,1,0.2444969852836562
'Autumn Peltier',en,unknown,#111111,#111111,1,0.2442728481777811
'Gorbatschow',en,unknown,#111111,#111111,1,0.2442384356743749
'Hans Joosten',en,unknown,#111111,#111111,1,0.2441879368749999
'Claudia Kempfert',en,unknown,#111111,#111111,1,0.2440379218749999
'Marjan Minnesma',en,unknown,#111111,#111111,1,0.2440379218749999
'Eriberto Gualinga',en,unknown,#111111,#111111,1,0.2440379218749999
'Minka Indigena',en,unknown,#111111,#111111,1,0.2440379218749999
'François Braun',en,unknown,#111111,#111111,1,0.2423645035258981
'Fumio Kishida',en,Japan,#111111,#111111,3,0.241218987042182
'Boris Pistorius',en,Deutschland,#1818e8,#1818e8,3,0.2410446124357694
'Anthony Albanese',en,Australien,#111111,#111111,3,0.2397172450642132
'Margeret Thatcher',en,UK,#e838e8,#e838e8,1,0.2396008687499999
'Andreas Baum',en,Deutschland,#1818e8,#1818e8,2,0.2385259977457723
'Angela Merkel',en,Deutschland,#1818e8,#1818e8,3,0.237179702498785
'Michelle Obama',en,USA,#18e8e8,#18e8e8,3,0.2371359493612422
'Cyril Ramaphosa',en,Südafrika,#111111,#111111,3,0.2367627036712652
'Chelsea Manning',en,USA,#18e8e8,#18e8e8,3,0.236493260749635
'Barack Obama',en,USA,#18e8e8,#18e8e8,3,0.236062309588674
'Joana Cotar',en,Deutschland,#1818e8,#1818e8,2,0.2351355738865783
'Friedrich Merz',en,Deutschland,#1818e8,#1818e8,3,0.233134248070145
'Dalai Lama',en,Tibet,#111111,#111111,3,0.2325493460489374
'Joschka Fischer',en,Deutschland,#1818e8,#1818e8,1,0.2312800224899858
'Gautam Adani',en,Indien,#111111,#111111,3,0.2291815237035603
'Jens Spahn',en,Deutschland,#1818e8,#1818e8,1,0.2288372092545312
'Michael Sandel',en,USA,#18e8e8,#18e8e8,1,0.2274157244837167
'Kevin Kühnert',en,Deutschland,#1818e8,#1818e8,2,0.2266686225201619
'David Malpass',en,USA,#18e8e8,#18e8e8,2,0.22632552833199
'Wagner-Chef Prigoschin',en,unknown,#111111,#111111,1,0.2258261310183481
'Saskia Esken',en,Deutschland,#1818e8,#1818e8,2,0.2256539630504326
'Marguerite Cazeneuve',en,unknown,#111111,#111111,1,0.2255313971934661
'François Bayrou',en,unknown,#111111,#111111,1,0.2252604482881074
'Aurélien Rousseau',en,unknown,#111111,#111111,1,0.2250503677207826
'président de la République',en,unknown,#111111,#111111,1,0.2246312555629501
'Charles Michel',en,EU,#111111,#111111,3,0.224576820056469
'Karine Jean-Pierre',en,USA,#18e8e8,#18e8e8,3,0.2245664103292931
'Viktor Orbán',en,Ungarn,#111111,#111111,3,0.2241244442762156
'Jessy Wellmer',en,unknown,#111111,#111111,1,0.2241236077227565
'Norbert Röttgen',en,Deutschland,#1818e8,#1818e8,2,0.2238898789685879
'Bernard Arnault',en,Frankreich,#e8e808,#e8e808,3,0.223802778437948
'Daniel Zhang',en,China,#e88818,#e88818,3,0.2233448591554405
'Marlène Schiappa',en,unknown,#111111,#111111,1,0.2226069790479921
'Wolfgang Benz',en,Deutschland,#1818e8,#1818e8,1,0.2225986352339375
'Caren Miosga',en,Deutschland,#1818e8,#1818e8,1,0.2220026712499999
'Aurélien Pradié',en,Frankreich,#e8e808,#e8e808,1,0.2218526562499999
'Evgueni Prigojine',en,Russland,#e81818,#e81818,1,0.2218526562499999
'Sergej Surowikin',en,Russland,#e81818,#e81818,1,0.2218526562499999
'Detlef Garbe',en,Deutschland,#1818e8,#1818e8,1,0.2218526562499999
'Yoon Suk-yeol',en,SüdKorea,#111111,#111111,3,0.2215640864599485
'Jewgeni Prigoschin',en,Russland,#e81818,#e81818,1,0.2185231873055357
'Mahmud Abbas',en,Palistina,#111111,#111111,3,0.2179516535673055
'Werner von Braun',en,Deutschland,#1818e8,#1818e8,2,0.2175058004450625
'Larry Ellison',en,USA,#18e8e8,#18e8e8,3,0.2151524799069186
'Ursula von der Leyen',en,EU,#111111,#111111,3,0.2145914610119902
'Warren Buffett',en,USA,#18e8e8,#18e8e8,2,0.2142821766320331
'Éric Ciotti',en,Frankreich,#e8e808,#e8e808,1,0.2123938589332702
'Peter Urban',en,Deutschland,#1818e8,#1818e8,3,0.2117010450255964
'Benjamin Netanyahu',en,Israel,#111111,#111111,3,0.211518893579839
'Mukesh Ambani',en,Indien,#111111,#111111,2,0.207879378084222
'Andrzej Duda',en,Polen,#111111,#111111,3,0.2077174021643019
'Katja Krasavice',en,Deutschland,#1818e8,#1818e8,1,0.2075105556725027
'Ricarda Lang',en,Deutschland,#1818e8,#1818e8,1,0.2067075456952076
'Alexander von Humboldt',en,Deutschland,#1818e8,#1818e8,1,0.2057878024996278
'Jack Ma',en,China,#e88818,#e88818,3,0.2056546227271782
'Sundar Pichai',en,USA,#18e8e8,#18e8e8,2,0.2037454911510787
'Alfred Bernhard Nobel',en,Schweden,#111111,#111111,1,0.2036607384374999
'Nancy Faeser',en,Deutschland,#1818e8,#1818e8,2,0.2025913901087565
'Edward Snowden',en,USA,#18e8e8,#18e8e8,2,0.2022192049329624
'Greta Thunberg',en,Schweden,#111111,#111111,3,0.2011137111702722
'Aleksandar Vucic',en,Serbien,#111111,#111111,3,0.2000764247801457
'Mohammed bin Salman',en,SaudiArabien,#111111,#111111,2,0.199302301329668
'Antony Blinken',en,USA,#18e8e8,#18e8e8,3,0.199068191882527
'Joko Widodo',en,Indonesien,#111111,#111111,3,0.1973649177227948
'Kim Jong-un',en,NordKorea,#e85858,#e85858,3,0.1966427331566715
'Karl Nehammer',en,Oesterreich,#111111,#111111,2,0.1959981726832764
'Paul Kagame',en,Ruanda,#111111,#111111,2,0.1959346358169176
'Thierry Breton',en,EU,#111111,#111111,3,0.195529511703006
'Miriam Adelson',en,USA,#18e8e8,#18e8e8,3,0.1940831153730318
'Immanuel Kant',en,Deutschland,#1818e8,#1818e8,2,0.1919915532618756
'Jair Bolsonaro',en,Brasilien,#58e838,#58e848,3,0.191220077650967
'Charles Koch',en,USA,#18e8e8,#18e8e8,3,0.1909714172995987
'Michael Mann',en,USA,#18e8e8,#18e8e8,3,0.1908240405545692
'Thomas Bayes',en,UK,#e838e8,#e838e8,1,0.1908090553395686
'Andrés Manuel López Obrador',en,Mexiko,#111111,#111111,3,0.190780487341999
'Wolfgang Kubicki',en,Deutschland,#1818e8,#1818e8,1,0.1906644489643312
'Edir Macedo',en,Brasilien,#58e838,#58e848,1,0.1894112454801452
'Jean Jouzel',en,unknown,#111111,#111111,1,0.1893416808374681
'Marie Trintignant',en,unknown,#111111,#111111,1,0.1890674434524462
'Jerome Powell',en,USA,#18e8e8,#18e8e8,3,0.1889983512346281
'Jean-Denis Combrexelle',en,unknown,#111111,#111111,1,0.1889328963219915
'Stefan Aust',en,Deutschland,#1818e8,#1818e8,1,0.1887247728125
'Gilbert Plass',en,Kanada,#111111,#111111,1,0.1886530665800936
'Bettina Jarasch',en,Deutschland,#1818e8,#1818e8,1,0.1885747578125
'Megyn Kell',en,USA,#18e8e8,#18e8e8,1,0.1885747578125
'Barbara Schöneberger',en,Deutschland,#1818e8,#1818e8,1,0.1885747578124999
'König Charles III',en,UK,#e838e8,#e838e8,1,0.1875448730721013
'Bruno Kahl',en,Deutschland,#1818e8,#1818e8,1,0.1874174838298552
'Robert Habeck',en,Deutschland,#1818e8,#1818e8,3,0.1870042734688708
'Gerhard Schröder',en,Deutschland,#1818e8,#1818e8,1,0.1853280260954587
'Vitali Klitschko',en,Ukraine,#e818e8,#e818e8,3,0.183834986344811
'Katarina Barley',en,EU,#111111,#111111,1,0.1828883008999885
'Subrahmanyam Jaishankar',en,Indien,#111111,#111111,2,0.18212654954468
'Richard David Precht',en,Deutschland,#1818e8,#1818e8,1,0.1806899971796935
'Karl Lauterbach',en,Deutschland,#1818e8,#1818e8,2,0.180625893135617
'Antonio Guterres',en,UN,#e888e8,#e888e8,3,0.1804727461714048
'Kyrill',en,Ukraine,#e818e8,#e818e8,2,0.1792841824974189
'Volker Wissing',en,Deutschland,#1818e8,#1818e8,2,0.179003926395438
'Roberta Metsola',en,EU,#111111,#111111,2,0.1779475174628529
'Björn Höcke',en,Deutschland,#1818e8,#1818e8,1,0.1770581120310153
'Elizabeth Mpofu',en,unknown,#111111,#111111,1,0.1765179123540624
'Christian Drosten',en,Deutschland,#1818e8,#1818e8,2,0.1764376674725316
'Joachim Gauck',en,Deutschland,#1818e8,#1818e8,1,0.1755231959929296
'Rafael Grossi',en,UN,#e888e8,#e888e8,2,0.1753574323942936
'Christine Lagarde',en,EU,#111111,#111111,3,0.174478726466027
'Alberto Ángel Fernández',en,Argentinien,#111111,#111111,2,0.1738234930430848
'Dieter Bohlen',en,Deutschland,#1818e8,#1818e8,1,0.173562802588385
'Fidel Castro',en,Kuba,#111111,#111111,2,0.1718684397276514
'Tino Chrupalla',en,Deutschland,#1818e8,#1818e8,2,0.1709994491436198
'Lula sa Silva',en,Brasilien,#58e838,#58e838,1,0.1709256340881491
'Lael Brainard',en,USA,#18e8e8,#18e8e8,1,0.1693440504326554
'Sahra Wagenknecht',en,Deutschland,#1818e8,#1818e8,1,0.1690026935783271
'Bill Gates',en,USA,#18e8e8,#18e8e8,3,0.169000396353472
'Sergey Brin',en,USA,#18e8e8,#18e8e8,2,0.1682739976179721
'Justin Trudeau',en,Kanada,#111111,#111111,3,0.166648875106548
'Andreas Jung',en,Deutschland,#1818e8,#1818e8,1,0.1626560804347895
'Markus Söder',en,Deutschland,#1818e8,#1818e8,1,0.162508839523399
'Missy Motown',en,Deutschland,#1818e8,#1818e8,1,0.1623073144206233
'Lee Hsien Loong',en,Singapur,#111111,#111111,3,0.162165638080541
'Prinz Heinrich XIII',en,Deutschland,#1818e8,#1818e8,1,0.160288544140625
'Ayatollah Chamenei',en,Iran,#111111,#111111,1,0.1602885441406249
'Andrei Nikolajewitsch Kolmogorow',en,Russland,#e81818,#e81818,1,0.1602885441406249
'Dorothée Pacaud',en,Frankreich,#e8e808,#e8e808,1,0.1602885441406249
'Markus Wipperfürth',en,Deutschland,#1818e8,#1818e8,1,0.1602885441406249
'Uwe Neumärker',en,Deutschland,#1818e8,#1818e8,1,0.1602885441406249
'Oliver Blume',en,Deutschland,#1818e8,#1818e8,3,0.1595440828683983
'Miguel Díaz-Canel',en,Kuba,#111111,#111111,1,0.1581434948158253
'Roland Busch',en,Deutschland,#1818e8,#1818e8,1,0.1578144533753779
'Nicola Beer',en,EU,#111111,#111111,1,0.15777415006034
'Robin Li',en,China,#e88818,#e88818,3,0.1560396915070655
'Tamim bin Hamad Al Thani',en,Katar,#111111,#111111,2,0.153885065978855
'Thomas Haldenwang',en,Deutschland,#1818e8,#1818e8,1,0.152314466902559
'Anthony Fauci',en,USA,#18e8e8,#18e8e8,1,0.151941997910852
'Andrew Forrest',en,Australien,#111111,#111111,1,0.1513545018170211
'Daniel Freund',en,EU,#111111,#111111,1,0.1508721704192686
'John Kerry',en,USA,#18e8e8,#18e8e8,2,0.1496125709152069
'Julian Assange',en,Australien,#111111,#111111,2,0.149083180581724
'Ola Källenius',en,Deutschland,#1818e8,#1818e8,1,0.1487102663900673
'Carl Friedrich Gauß',en,Deutschland,#1818e8,#1818e8,1,0.1471448835210936
'Selenski',en,Ukraine,#e818e8,#e818e8,1,0.1460265211134415
'Boris Palmer',en,Deutschland,#1818e8,#1818e8,1,0.1449050835982684
'Patriarch Kyrill',en,Ukraine,#e818e8,#e818e8,1,0.143922702418574
'Klaus-Michael Kühne',en,Deutschland,#1818e8,#1818e8,1,0.143665233328073
'Markus Krebber',en,Deutschland,#1818e8,#1818e8,1,0.1404756815264714
'Dmitri Medwedew',en,Russland,#e81818,#e81818,1,0.1389701677699217
'Wolodymyr Selenskyj',en,Ukraine,#e818e8,#e818e8,1,0.137520488281903
'Ulrich Reitz',en,Deutschland,#1818e8,#1818e8,1,0.1372127490946484
'Yannick Morez',en,Frankreich,#e8e808,#e8e808,1,0.1370691284584932
'Marco Buschmann',en,Deutschland,#1818e8,#1818e8,1,0.1363091408916048
'Benjamin Nethanaju',en,Israel,#111111,#111111,1,0.1362452625195312
'John Roberts',en,USA,#18e8e8,#18e8e8,1,0.134786905615324
'Ebrahim Raisi',en,Iran,#111111,#111111,3,0.134674092572129
'Julia Koch',en,USA,#18e8e8,#18e8e8,1,0.1343030285696907
'Andrea Lindholz',en,Deutschland,#1818e8,#1818e8,1,0.1316530860999728
'Holger Münch',en,Deutschland,#1818e8,#1818e8,1,0.1307398420517795
'Sandra Maischberger',en,Deutschland,#1818e8,#1818e8,1,0.1299532325140539
'Alexei Nawalny',en,Russland,#e81818,#e81818,1,0.129347072944707
'Otmar Issing',en,EU,#111111,#111111,1,0.12778560651524
'Nadja Abd el Farrag',en,Deutschland,#1818e8,#1818e8,1,0.1273893204557615
'Larry Page',en,USA,#18e8e8,#18e8e8,2,0.1273604723593916
'Erich Honecker',en,Deutschland,#1818e8,#1818e8,1,0.1265313572958776
'Macky Sall',en,Senegal,#111111,#111111,1,0.123426671058894
'Selenskyj',en,Ukraine,#e818e8,#e818e8,1,0.1233248047386064
'Gabor Steingart',en,Deutschland,#1818e8,#1818e8,1,0.1228960403892998
'Nikos Androulakis',en,Griechenland,#1858e8,#1858e8,1,0.1222390264341151
'Martin Schirdewan',en,Deutschland,#1818e8,#1818e8,1,0.1221393562164923
'Steffi Lemke',en,Deutschland,#1818e8,#1818e8,1,0.1215248687136141
'Frank Plasberg',en,Deutschland,#1818e8,#1818e8,1,0.1201960062284159
'Jan Böhmermann',en,Deutschland,#1818e8,#1818e8,1,0.1201410888172818
'Winfried Kretschmann',en,Deutschland,#1818e8,#1818e8,1,0.1198495487826529
'Stephan Harbarth',en,Deutschland,#1818e8,#1818e8,1,0.1178945717546694
'Faisal Kawusi',en,Deutschland,#1818e8,#1818e8,1,0.1178930256581501
'Christoph Heusgen',en,Deutschland,#1818e8,#1818e8,1,0.1177627343483246
'Martin Sonneborn',en,Deutschland,#1818e8,#1818e8,1,0.117512603527464
'Jewgenij Roisman',en,Russland,#e81818,#e81818,1,0.1171823143100562
'Sergej Lawrow',en,Russland,#e81818,#e81818,1,0.1167551274848404
'Patrick Pouyanné',en,Frankreich,#e8e808,#e8e808,2,0.1167028995116516
'Wladimir Putin',en,Russland,#e81818,#e81818,1,0.1159473358026592
'Ramsan Kadyrow',en,Russland,#e81818,#e81818,1,0.1158084731416015
'Alice Schwarzer',en,Deutschland,#1818e8,#1818e8,1,0.1140316459044485
'Stefan Rahmstorf',en,Deutschland,#1818e8,#1818e8,1,0.113661468343624
'Frank Bainimarama',en,Fidschi,#111111,#111111,1,0.113346782585109
'Andreas Jödecke',en,Deutschland,#1818e8,#1818e8,1,0.1120103528819716
'Alexej Kudrin',en,Russland,#e81818,#e81818,1,0.1118888387080861
'Bodo Ramelow',en,Deutschland,#1818e8,#1818e8,1,0.1107022262281007
'Michael Ballweg',en,Deutschland,#1818e8,#1818e8,1,0.1100016288819354
'Wolfgang Schäuble',en,Deutschland,#1818e8,#1818e8,1,0.1099819358340184
'Jürgen Grässlin',en,Deutschland,#1818e8,#1818e8,1,0.1086540519716961
'Benjamin Netanjahu',en,Israel,#111111,#111111,1,0.1084347203837064
'Gérard Biard',en,Frankreich,#e8e808,#e8e808,1,0.1084309373873972
'Sergej Lavrov',en,Russland,#e81818,#e81818,1,0.1082433628360953
'Veronika Grimm',en,Deutschland,#1818e8,#1818e8,1,0.1080870857369795
'Tamim bin Hamad Al-Thani',en,Katar,#111111,#111111,2,0.107216081078123
'Maybritt Illner',en,Deutschland,#1818e8,#1818e8,1,0.1063121783439901
'Pope Benedikt XVI',en,Vatikan,#58b8e8,#58b8e8,1,0.1058500226771807
'Franziska Giffey',en,Deutschland,#1818e8,#1818e8,1,0.1056907368276234
'Herman Gref',en,Russland,#e81818,#e81818,1,0.10523043450444
'Kardinal Woelki',en,Deutschland,#1818e8,#1818e8,1,0.1049609090552047
'Steffen Große',en,Deutschland,#1818e8,#1818e8,1,0.103892870215073
'Jitzchak Herzog',en,Israel,#111111,#111111,1,0.1034947800769493
'Amin Nasser',en,SaudiArabien,#111111,#111111,1,0.1026328506069425
'Yanis Varoufakis',en,Griechenland,#1858e8,#1858e8,1,0.102105240474468
'Chez Krömer',en,Deutschland,#1818e8,#1818e8,1,0.1000121974050872
'Ali Chamenei',en,Iran,#111111,#111111,1,0.0999798670967432
'Nina Gummich',en,Deutschland,#1818e8,#1818e8,1,0.099224699787724
'Erik Marquardt',en,EU,#111111,#111111,1,0.0982724945986338
'Ulf Poschardt',en,Deutschland,#1818e8,#1818e8,1,0.0975387758866539
'Maria Kolesnikowa',en,Belarus,#e81858,#e81858,1,0.0974936952905929
'Schellnhuber',en,Deutschland,#1818e8,#1818e8,1,0.0961698236312604
'Lukaschenko',en,Belarus,#e81858,#e81858,1,0.095988595812761
'Alexander Lukaschenko',en,Belarus,#e81858,#e81858,1,0.0955139169758093
'Mojib Latif',en,Deutschland,#1818e8,#1818e8,1,0.0947062037295613
'Sergej Schoigu',en,Russland,#e81818,#e81818,1,0.0943678995360839
'Susanne Klatten',en,Deutschland,#1818e8,#1818e8,1,0.0938507755427247
'Gregor Gysi',en,Deutschland,#1818e8,#1818e8,1,0.0937324084908803
'Generalbundesanwalt Peter Frank',en,Deutschland,#1818e8,#1818e8,1,0.0932821327436316
'Luisa Neubauer',en,Deutschland,#1818e8,#1818e8,1,0.0931822937867453
'Olli Schulz',en,Deutschland,#1818e8,#1818e8,1,0.0924213303338101
'Pietro Lombardi',en,Deutschland,#1818e8,#1818e8,1,0.0908545601880183
'Muhammad bin Zayid Al Nahyan',en,VAE,#111111,#111111,1,0.0905975055526118
'Dimitry Peskov',en,Russland,#e81818,#e81818,1,0.089436513672263
'Rainer Maria Woelki',en,Deutschland,#1818e8,#1818e8,1,0.0875953085321346
'Jochen Thewes',en,Deutschland,#1818e8,#1818e8,1,0.0875874652927185
'Klaus Hasselmann',en,Deutschland,#1818e8,#1818e8,1,0.0875784932781971
'Wolodimir Selenski',en,Ukraine,#e818e8,#e818e8,1,0.0868511434749098
'Jair Lapid',en,Israel,#111111,#111111,1,0.0864899794305199
'Wolodymyr Selenski',en,Ukraine,#e818e8,#e818e8,1,0.0853857072264503
'Daniel Dillmann',en,Deutschland,#1818e8,#1818e8,1,0.0851054581992316
'Katalin Novak',en,Ungarn,#111111,#111111,1,0.084671230325276
'Michael Kretschmer',en,Deutschland,#1818e8,#1818e8,1,0.0845943522799268
'Valery Gerasimov',en,Russland,#e81818,#e81818,1,0.0823769784789578
'Igor Setschin',en,Russland,#e81818,#e81818,1,0.0813319142811791
'Edmund Stoiber',en,Deutschland,#1818e8,#1818e8,1,0.0779451634949702
'Helge Schneider',en,Deutschland,#1818e8,#1818e8,1,0.076810548853533
'Badri Hosseini Chamenei',en,Iran,#111111,#111111,1,0.0764442041235952
'Hans Joachim Schellnhuber',en,Deutschland,#1818e8,#1818e8,1,0.0760902250186068
'Carola Rackete',en,Deutschland,#1818e8,#1818e8,1,0.0752171657805908
'Heinrich XIII. Prinz Reuß',en,Deutschland,#1818e8,#1818e8,1,0.0743982090063982
'Ayatollah Ali Chamenei',en,Iran,#111111,#111111,1,0.0725379339230638
'Kurt Krömer',en,Deutschland,#1818e8,#1818e8,1,0.0725310067236928
'Horst Seehofer',en,Deutschland,#1818e8,#1818e8,1,0.0721709001772753
'Dmitry Peskov',en,Russland,#e81818,#e81818,2,0.066365762202661
'Alexei Miller',en,Russland,#e81818,#e81818,1,0.0647260669685873
'Louis Klamroth',en,Deutschland,#1818e8,#1818e8,1,0.0625193962514577
'Lothar Wieler',en,Deutschland,#1818e8,#1818e8,1,0.0587009814171748
'Bartholomäus',en,Türkei,#111111,#111111,1,0.0518042409271966
'Ethan Bradley',en,USA,#18e8e8,#18e8e8,2,0.0508912293418
