,phrase,label,sentiment,subjectivity,language,count
US,US,GPE,0.06908564238703613,0.3603230601183563,en,82
Ukraine,Ukraine,GPE,0.04344636844636845,0.1900937488437489,en,78
Los Angeles,Los Angeles,GPE,0.14383063657653822,0.29196283679890234,en,61
New York,New York,GPE,0.0594707276850134,0.4066658292104721,en,56
Gaza,Gaza,GPE,0.03395454545454544,0.23961111111111105,en,55
Iowa,Iowa,GPE,0.10304507337526203,0.29723996129656516,en,53
Coachella,Coachella,GPE,0.15134866906143501,0.27317675232568855,en,47
Israel,Israel,GPE,0.05366821946169771,0.24216338854382327,en,46
U.S.,U.S.,GPE,0.1119286115119448,0.2738772647105981,en,45
Russia,Russia,GPE,0.019350649350649354,0.2372159090909091,en,44
Hollywood,Hollywood,GPE,0.21657969440071714,0.44846197636538554,en,40
New York City,New York City,GPE,0.1332093457093457,0.40202839202839213,en,37
Miami,Miami,GPE,0.04401184463684465,0.17252765752765753,en,36
WASHINGTON,WASHINGTON,GPE,0.05020195578231292,0.3186105796485261,en,32
Argentina,Argentina,GPE,0.14324747474747476,0.30254713804713806,en,30
Florida,Florida,GPE,0.016994810744810743,0.20342834249084246,en,26
China,China,GPE,0.05939393939393939,0.1837575757575757,en,25
France,France,GPE,-0.05401021080368906,0.26857707509881434,en,23
California,California,GPE,0.03535025580480125,0.14867834186016005,en,22
NYC,NYC,GPE,0.146498125191307,0.3004658325681052,en,22
New Heights,New Heights,GPE,0.13140495867768592,0.4599479644934192,en,22
America,America,GPE,0.0625110286538858,0.2923039579468151,en,21
London,London,GPE,0.063125,0.19658333333333333,en,20
UK,UK,GPE,0.10260233918128656,0.19125730994152046,en,19
Paris,Paris,GPE,-0.03755210838544173,0.3131184864518197,en,18
Germany,Germany,GPE,0.03710618085618086,0.29383718133718134,en,18
Manhattan,Manhattan,GPE,0.006398475495697716,0.29718130377852603,en,18
the United States,the United States,GPE,0.1039962121212121,0.1983901515151515,en,16
Kansas City,Kansas City,GPE,0.0897964015151515,0.3647727272727273,en,16
New Jersey,New Jersey,GPE,0.13845508658008654,0.37705762987012986,en,16
Hungary,Hungary,GPE,0.06464646464646465,0.19896969696969696,en,15
Wales,Wales,GPE,0.0125,0.04388888888888889,en,15
Pennsylvania,Pennsylvania,GPE,0.023750360750360747,0.2981599326599327,en,15
U.K.,U.K.,GPE,0.0342517006802721,0.27698979591836737,en,14
Japan,Japan,GPE,-0.01830357142857142,0.10788690476190475,en,14
Saudi Arabia,Saudi Arabia,GPE,0.026128633271490422,0.44246675943104513,en,14
Mediagazer,Mediagazer,GPE,0.0,0.0,en,14
NEW YORK,NEW YORK,GPE,0.12115351315351314,0.3728749583749584,en,13
Washington,Washington,GPE,0.06888111888111888,0.21426184926184927,en,13
Las Vegas,Las Vegas,GPE,0.018589743589743586,0.12115384615384617,en,13
Rafah,Rafah,GPE,0.016346153846153847,0.05673076923076924,en,13
India,India,GPE,0.07076923076923076,0.23871794871794874,en,13
Indiana,Indiana,GPE,0.06888888888888889,0.15148148148148147,en,12
Haiti,Haiti,GPE,0.1213383838383838,0.366266835016835,en,12
Trump,Trump,GPE,-0.040516774891774895,0.25812590187590184,en,12
Europe,Europe,LOC,0.1018037518037518,0.19247083934583933,en,12
Beverly Hills,Beverly Hills,GPE,0.16176939853076217,0.3516498316498316,en,12
South Carolina,South Carolina,GPE,0.018181818181818177,0.3,en,11
Jaipur,Jaipur,GPE,0.004545454545454544,0.06161616161616162,en,11
Minnesota,Minnesota,GPE,0.1171212121212121,0.2599734848484849,en,10
PARIS,PARIS,GPE,-0.13675595238095242,0.38395238095238093,en,10
Rome,Rome,GPE,0.08116666666666666,0.18730555555555556,en,10
Chicago,Chicago,GPE,0.15185185185185185,0.26358024691358023,en,9
Sudan,Sudan,GPE,-0.0003306878306878322,0.0849867724867725,en,9
Djibouti,Djibouti,GPE,0.10793650793650794,0.30000000000000004,en,9
Ohio,Ohio,GPE,0.13783068783068783,0.42226765004542777,en,9
Moscow,Moscow,GPE,0.052777777777777764,0.15925925925925927,en,9
Pacific,Pacific,LOC,-0.04667181069958849,0.3571604938271605,en,9
Canada,Canada,GPE,0.04444444444444443,0.3288194444444445,en,8
Riyadh,Riyadh,GPE,0.21897321428571426,0.3450396825396826,en,8
Pakistan,Pakistan,GPE,0.15700757575757576,0.3660669191919192,en,8
Tennessee,Tennessee,GPE,-0.00208333333333334,0.3104166666666667,en,8
East Africa,East Africa,GPE,-0.013318452380952377,0.2070684523809524,en,8
Fulton County District,Fulton County District,GPE,-0.003013392857142862,0.20502232142857144,en,8
Colorado,Colorado,GPE,0.17031250000000003,0.4890625,en,8
Massachusetts,Massachusetts,GPE,0.07518939393939394,0.49507575757575756,en,8
Kansas,Kansas,GPE,0.24243970315398883,0.5496289424860853,en,7
Sydney,Sydney,GPE,0.007142857142857145,0.12380952380952381,en,7
Texas,Texas,GPE,-0.09489795918367348,0.28456632653061226,en,7
Sussex,Sussex,GPE,0.09712121212121214,0.26222943722943726,en,7
Baltimore,Baltimore,GPE,-0.052551020408163285,0.26122448979591834,en,7
L.A.,L.A.,GPE,0.10443722943722943,0.22987012987012984,en,7
Britain,Britain,GPE,0.09965986394557823,0.1897675736961451,en,7
Kansas City Chiefs,Kansas City Chiefs,GPE,-0.008781694495980217,0.4371675943104515,en,7
LA,LA,GPE,0.11666666666666665,0.3833333333333333,en,6
Caribbean,Caribbean,LOC,-0.009514790764790762,0.2818587662337662,en,6
Cincinnati,Cincinnati,GPE,0.018939393939393933,0.42045454545454547,en,6
Philadelphia,Philadelphia,GPE,0.014880952380952382,0.18547619047619046,en,6
West,West,LOC,0.028055555555555552,0.21319444444444446,en,6
Odesa,Odesa,GPE,-0.0062962962962963,0.13212962962962962,en,6
Memphis,Memphis,GPE,0.04722222222222222,0.2888888888888889,en,6
DC,DC,GPE,0.08506944444444446,0.48055555555555557,en,6
Iran,Iran,GPE,0.16349999999999998,0.35247222222222224,en,6
N.J.,N.J.,GPE,0.053282828282828286,0.3021464646464646,en,6
Zahara,Zahara,GPE,0.06666666666666667,0.3666666666666667,en,6
Hong Kong,Hong Kong,GPE,0.21375000000000002,0.5063888888888889,en,6
LOS ANGELES,LOS ANGELES,GPE,0.12222222222222223,0.17777777777777778,en,6
Kanye West,Kanye West,LOC,0.09555555555555555,0.2591111111111111,en,5
Lemon,Lemon,GPE,0.0021590909090909065,0.19289141414141414,en,5
Australia,Australia,GPE,0.030000000000000006,0.29333333333333333,en,5
CA,CA,GPE,0.007333333333333331,0.23199999999999998,en,5
England,England,GPE,0.07037037037037037,0.2262962962962963,en,5
Egypt,Egypt,GPE,0.015000000000000003,0.37583333333333335,en,5
Inter Miami's,Inter Miami's,GPE,0.19835714285714284,0.44328571428571434,en,5
Alabama,Alabama,GPE,0.0,0.04,en,5
Long Island,Long Island,GPE,-0.012727272727272731,0.41090909090909095,en,5
New Heights Live,New Heights Live,GPE,0.06999999999999999,0.45,en,5
Minneapolis,Minneapolis,GPE,-1.1102230246251566e-17,0.4333333333333333,en,5
New Heights',New Heights',GPE,0.15251623376623374,0.4832305194805195,en,5
Kentucky,Kentucky,GPE,-0.08689814814814814,0.45217592592592587,en,5
Inter Miami,Inter Miami,GPE,0.085,0.44499999999999995,en,5
Indio,Indio,GPE,-0.08142857142857143,0.2842857142857143,en,5
Louisiana,Louisiana,GPE,0.11231060606060606,0.3007575757575758,en,4
TX,TX,GPE,0.0,0.0,en,4
Singapore,Singapore,GPE,0.0,0.0,en,4
LONDON,LONDON,GPE,-0.10416666666666667,0.14583333333333334,en,4
NJ,NJ,GPE,-0.04375000000000001,0.3729166666666667,en,4
Vatican City,Vatican City,GPE,0.019375000000000003,0.28305555555555556,en,4
Buffalo,Buffalo,GPE,0.02823232323232322,0.3754040404040404,en,4
Calif.,Calif.,GPE,-0.05714285714285715,0.2839285714285714,en,4
the State of the Union,the State of the Union,GPE,0.2517361111111111,0.8152777777777779,en,4
Georgia,Georgia,GPE,0.19374999999999998,0.23124999999999998,en,4
Austin,Austin,GPE,0.0,0.0,en,4
the Southern District,the Southern District,LOC,0.037121212121212124,0.23484848484848486,en,4
Vermont,Vermont,GPE,0.0,0.0,en,4
Seattle,Seattle,GPE,-0.038888888888888896,0.24722222222222223,en,4
Vegas,Vegas,GPE,0.19,0.32458333333333333,en,4
Eritrea,Eritrea,GPE,0.2792410714285714,0.4984375,en,4
Chic N.Y.C.,Chic N.Y.C.,GPE,0.15625,0.28125,en,4
Qualley,Qualley,LOC,0.05964285714285714,0.18571428571428572,en,4
Kenergy,Kenergy,GPE,0.09375,0.1875,en,4
Barbie,Barbie,GPE,0.0725,0.24583333333333335,en,4
Mix)04,Mix)04,GPE,0.0,0.0,en,4
Grammys,Grammys,GPE,0.14666666666666667,0.12555555555555553,en,4
Asia,Asia,LOC,0.1328125,0.2,en,4
Kyiv,Kyiv,GPE,-0.015909090909090914,0.16363636363636364,en,4
Tuskegee,Tuskegee,GPE,0.06666666666666667,0.16666666666666666,en,3
Delaware,Delaware,GPE,0.05000000000000001,0.4166666666666667,en,3
Oklahoma,Oklahoma,GPE,0.27777777777777773,0.27777777777777773,en,3
NV,NV,GPE,0.2676767676767677,0.5959595959595959,en,3
Brooklyn,Brooklyn,GPE,0.0,0.0,en,3
D-SC,D-SC,GPE,0.23148148148148148,0.8037037037037038,en,3
ROME,ROME,GPE,0.15,0.5794444444444444,en,3
Mich.,Mich.,GPE,0.16666666666666666,0.3333333333333333,en,3
Netherlands,Netherlands,GPE,0.060000000000000005,0.13111111111111112,en,3
Sin City,Sin City,GPE,0.12444444444444443,0.2172222222222222,en,3
Palm Beach,Palm Beach,GPE,0.022727272727272724,0.10909090909090909,en,3
Earth,Earth,LOC,0.6791666666666667,0.6916666666666668,en,3
Seraphina,Seraphina,GPE,0.03333333333333333,0.26666666666666666,en,3
Ecuador,Ecuador,GPE,0.016666666666666663,0.5833333333333334,en,3
Illinois,Illinois,GPE,0.15111111111111108,0.5488888888888889,en,3
Hunters,Hunters,GPE,0.0545364357864358,0.2583919552669553,en,3
MINNEAPOLIS,MINNEAPOLIS,GPE,0.38888888888888884,0.611111111111111,en,3
R-FL,R-FL,GPE,0.03181818181818182,0.3116161616161615,en,3
Islamabad,Islamabad,GPE,0.1111111111111111,0.25925925925925924,en,3
the Middle East,the Middle East,LOC,0.14762289562289563,0.346063973063973,en,3
oligarch,oligarch,GPE,0.19999999999999998,0.23333333333333336,en,3
Sushi Park,Sushi Park,GPE,0.2708333333333333,0.65,en,3
Vatican,Vatican,GPE,0.09012345679012344,0.3867283950617284,en,3
Missouri,Missouri,GPE,-0.049999999999999996,0.7666666666666666,en,3
Hingham,Hingham,GPE,0.12,0.24666666666666662,en,3
Edinburgh,Edinburgh,GPE,0.09285714285714286,0.1757936507936508,en,3
Amsterdam,Amsterdam,GPE,-0.13232323232323231,0.6181818181818183,en,3
New Jersey's,New Jersey's,GPE,0.08333333333333333,0.3222222222222222,en,3
Vania Nonnenmacher,Vania Nonnenmacher,GPE,0.3222222222222222,0.5777777777777778,en,3
Michigan,Michigan,GPE,-0.17777777777777778,0.5925925925925926,en,3
San Francisco,San Francisco,GPE,0.08888888888888886,0.5777777777777778,en,3
Hong Chau,Hong Chau,GPE,0.0984848484848485,0.19865319865319864,en,3
Shanghai,Shanghai,GPE,0.13636363636363635,0.45454545454545453,en,3
the United Kingdom,the United Kingdom,GPE,0.04545454545454545,0.15151515151515152,en,3
Dubai,Dubai,GPE,-0.08333333333333333,0.24166666666666667,en,3
ALBANY,ALBANY,GPE,0.025079365079365066,0.3928571428571428,en,3
NY,NY,GPE,0.0909090909090909,0.30303030303030304,en,3
Burisma,Burisma,GPE,-0.16666666666666666,0.3333333333333333,en,3
the Gaza Strip,the Gaza Strip,GPE,-0.020833333333333332,0.10416666666666667,en,3
TRENTON,TRENTON,GPE,0.0606060606060606,0.24646464646464647,en,3
Thailand,Thailand,GPE,0.09454545454545454,0.4418181818181818,en,2
Arizona,Arizona,GPE,0.0,0.1,en,2
Balmain,Balmain,GPE,0.125,0.25,en,2
Paradise,Paradise,LOC,0.10227272727272727,0.3409090909090909,en,2
Dalí,Dalí,GPE,0.0,0.0,en,2
SAN,SAN,GPE,-0.05025974025974027,0.18818181818181823,en,2
Oceanco,Oceanco,LOC,0.0,0.0,en,2
Bronx,Bronx,GPE,0.175,0.65,en,2
North and South America,North and South America,GPE,0.4666666666666667,0.7833333333333333,en,2
Jacksonville,Jacksonville,GPE,0.1,0.4,en,2
DIEGO,DIEGO,GPE,0.01948051948051948,0.13636363636363638,en,2
Rwanda,Rwanda,GPE,0.0,0.05,en,2
+1335,+1335,GPE,0.0,0.0,en,2
U.S.A.,U.S.A.,GPE,0.0,0.0,en,2
nan,nan,GPE,0.0,0.0,en,2
Timberlake,Timberlake,GPE,0.15083333333333335,0.2525,en,2
Glanville,Glanville,GPE,0.1103174603174603,0.2277777777777778,en,2
the South Lawn,the South Lawn,LOC,0.0,0.25,en,2
Baton Rouge,Baton Rouge,GPE,0.012499999999999997,0.18333333333333335,en,2
+1064,+1064,LOC,0.0,0.0,en,2
New Delhi,New Delhi,GPE,0.1431818181818182,0.4772727272727273,en,2
Kelce,Kelce,GPE,0.01333333333333333,0.09,en,2
Virginia,Virginia,GPE,-0.0125,0.1,en,2
Savannah,Savannah,GPE,0.3375,0.4125,en,2
Costa Rica,Costa Rica,GPE,-0.04,0.16,,2
Timbaland,Timbaland,GPE,0.3170454545454546,0.3964015151515151,en,2
Saint Laurent,Saint Laurent,GPE,0.15000000000000002,0.15000000000000002,en,2
Koru,Koru,GPE,0.0,0.0,en,2
Indian Creek,Indian Creek,LOC,-0.13333333333333333,0.39999999999999997,en,2
Brussels,Brussels,GPE,0.0,0.0,en,2
Colorado Buffaloes,Colorado Buffaloes,GPE,0.0,0.0,en,2
Grand Rapids,Grand Rapids,GPE,0.25,0.5,en,2
South Florida,South Florida,GPE,0.0,0.0,en,2
Indian Creek Village,Indian Creek Village,LOC,-0.125,0.2375,en,2
Indian Creek Island,Indian Creek Island,LOC,-0.011904761904761904,0.10714285714285714,en,2
Sundhausen,Sundhausen,GPE,0.0,0.0,en,2
Mo.,Mo.,GPE,0.03409090909090909,0.48863636363636365,en,2
J6,J6,LOC,0.06818181818181818,0.22727272727272727,en,2
Kauai,Kauai,GPE,0.014285714285714282,0.5666666666666667,en,2
Bündchen,Bündchen,GPE,0.058888888888888886,0.18833333333333332,en,2
NEW,NEW,GPE,0.22376893939393938,0.47992424242424236,en,2
Beijing,Beijing,GPE,0.2708333333333333,0.375,en,2
Hamburg,Hamburg,GPE,0.275,0.525,en,2
Berkeley,Berkeley,GPE,0.14015151515151514,0.43939393939393934,en,2
Culver City,Culver City,GPE,0.14015151515151514,0.43939393939393934,en,2
Black,Black,LOC,0.020833333333333343,0.44583333333333336,en,2
Cleveland,Cleveland,GPE,0.24166666666666664,0.7916666666666667,en,2
Iceland,Iceland,GPE,-0.35,0.85,en,2
Indiana State,Indiana State,GPE,-0.025,0.15,en,2
Lille,Lille,GPE,0.0,0.0,en,2
KANSAS CITY,KANSAS CITY,GPE,0.03409090909090909,0.48863636363636365,en,2
Russias,Russias,GPE,-0.15,0.3125,en,2
Atlanta,Atlanta,GPE,0.08750000000000001,0.4375,en,2
Ethiopia,Ethiopia,GPE,0.0,0.0,en,2
Kingdom,Kingdom,GPE,-0.08333333333333333,0.21666666666666665,en,2
Bahamas,Bahamas,GPE,0.0675,0.36,en,2
R-SC,R-SC,GPE,-0.022727272727272735,0.5909090909090909,en,2
MN,MN,GPE,0.3333333333333333,0.6666666666666666,en,2
Minne,Minne,GPE,0.3333333333333333,0.6666666666666666,en,2
U.S.-born,U.S.-born,GPE,0.0,0.029166666666666667,en,2
Kenya,Kenya,GPE,0.029761904761904757,0.18452380952380953,en,2
Tokyo,Tokyo,GPE,-0.12777777777777777,0.16111111111111112,en,2
Amblin,Amblin,GPE,0.1,0.4,en,2
Biden-Ukraine,Biden-Ukraine,GPE,0.24675324675324675,0.512987012987013,en,2
LAS VEGAS,LAS VEGAS,GPE,0.23484848484848483,0.5606060606060606,en,2
Selma,Selma,GPE,0.0,0.0,en,2
Awasa,Awasa,GPE,0.0,0.0,en,2
VATICAN CITY,VATICAN CITY,GPE,0.17083333333333334,0.30833333333333335,en,2
Washington D.C.,Washington D.C.,GPE,-0.027083333333333334,0.15833333333333333,en,2
Washington DC,Washington DC,GPE,-0.027083333333333334,0.15833333333333333,en,2
Fulton County,Fulton County,GPE,0.0,0.0,en,2
Tel Aviv,Tel Aviv,GPE,0.0,0.0,en,2
Tusla,Tusla,GPE,0.33482142857142855,0.5139880952380952,en,2
New York City’s,New York City’s,GPE,0.13636363636363635,0.45454545454545453,en,2
Shiloh,Shiloh,GPE,0.23333333333333334,0.36666666666666664,en,2
Italy,Italy,GPE,0.18333333333333335,0.37124999999999997,en,2
New York Citys,New York Citys,GPE,0.07424242424242423,0.453030303030303,en,2
NEW JERSEY -,NEW JERSEY -,GPE,-0.22238636363636366,0.5837121212121212,en,2
CALIFORNIA,CALIFORNIA,GPE,0.15,0.25,en,2
NEWARK,NEWARK,GPE,-0.22238636363636366,0.5837121212121212,en,2
Santa Barbara,Santa Barbara,GPE,0.0,0.20833333333333331,en,2
Delhi,Delhi,GPE,0.16666666666666666,0.3333333333333333,en,2
HONG,HONG,GPE,0.395,0.26,en,2
Los,Los,GPE,0.32099567099567095,0.4862554112554113,en,2
United States,United States,GPE,0.04772727272727272,0.25,en,2
North Texas,North Texas,GPE,-0.06249999999999999,0.6916666666666667,en,2
Kharkiv,Kharkiv,GPE,-0.1,0.0,en,2
Tampa Bay,Tampa Bay,LOC,0.01136363636363636,0.263989898989899,en,2
Manchester United,Manchester United,GPE,0.15,0.2375,en,2
Hawaii,Hawaii,GPE,-0.033333333333333326,0.3,en,2
West End,West End,LOC,0.0,0.1,en,2
New Hampshire,New Hampshire,GPE,0.10443722943722943,0.29534632034632036,en,2
Boston,Boston,GPE,0.19722222222222222,0.36944444444444446,en,2
Mount Rushmore,Mount Rushmore,LOC,-0.25,0.5,en,2
Toronto,Toronto,GPE,0.31666666666666665,0.6666666666666666,en,2
nonleague,nonleague,GPE,0.1,0.1,en,2
Davos,Davos,GPE,0.09204545454545454,0.35056818181818183,en,2
New Orleans,New Orleans,GPE,0.21212121212121213,0.41818181818181815,en,2
Cooper,Cooper,GPE,-0.02698863636363638,0.4798295454545454,en,2
NI,NI,GPE,0.0,0.0,en,1
Old Trafford,Old Trafford,GPE,0.3,0.475,en,1
Middle East Monitor,Middle East Monitor,LOC,-0.125,0.25,en,1
Studio 8H.,Studio 8H.,GPE,0.0,0.0,en,1
+8478,+8478,GPE,0.0,0.3666666666666667,en,1
Tahrir,Tahrir,GPE,-0.125,0.125,en,1
Vivara,Vivara,GPE,-0.15,0.375,en,1
TEL AVIV,TEL AVIV,GPE,0.0,0.0,en,1
Cairo,Cairo,GPE,-0.125,0.125,en,1
Saginaw,Saginaw,GPE,0.0,0.0,en,1
Fla.,Fla.,GPE,0.0,0.5,en,1
+1285,+1285,GPE,0.0,0.0,en,1
Gia Virginia,Gia Virginia,GPE,0.0,0.325,en,1
São Paulo,São Paulo,GPE,0.0,0.1,en,1
Port Everglades,Port Everglades,LOC,0.0,0.0,en,1
Surfside,Surfside,GPE,0.0,0.5,en,1
Ronaldo,Ronaldo,GPE,0.0,0.0,en,1
Getty,Getty,GPE,0.0,0.0,en,1
Justin Timberlakes,Justin Timberlakes,GPE,0.10181818181818181,0.3751515151515151,en,1
Los Angeles Sparks,Los Angeles Sparks,GPE,0.0,0.0,en,1
N.Y.,N.Y.,GPE,0.3,0.45,en,1
the United States',the United States',GPE,0.0,0.025,en,1
TOKYO,TOKYO,GPE,0.0,0.0,en,1
Manchester,Manchester,GPE,0.06818181818181818,0.22727272727272727,en,1
Angeles,Angeles,GPE,0.5681818181818181,0.37727272727272726,en,1
Selloffs,Selloffs,GPE,-0.2,0.4,en,1
Antifa,Antifa,GPE,-0.023333333333333338,0.2166666666666667,en,1
the Oceanco facility,the Oceanco facility,LOC,0.0,0.0,en,1
Nonnenmacher,Nonnenmacher,GPE,0.0,0.0,en,1
The Netherlands,The Netherlands,GPE,0.0,0.0,en,1
Malti,Malti,GPE,0.5,0.75,en,1
G,G,GPE,0.0,0.0,en,1
Putin,Putin,GPE,0.0,0.6,en,1
Phoenix,Phoenix,GPE,0.0,0.0,en,1
Mexico,Mexico,GPE,0.024999999999999994,0.875,en,1
+2178,+2178,GPE,0.0,0.0,en,1
Chinas,Chinas,GPE,0.25,0.25,en,1
Luann de Lesseps,Luann de Lesseps,GPE,0.5,1.0,en,1
Clouds,Clouds,LOC,0.0,0.0,en,1
Manhatta,Manhatta,LOC,-0.4,0.55,en,1
New York District,New York District,GPE,0.13636363636363635,0.45454545454545453,en,1
New Zealand - Karl Puschmann,New Zealand - Karl Puschmann,GPE,0.13636363636363635,0.45454545454545453,en,1
NZ,NZ,GPE,0.0,0.0,en,1
New Zealand,New Zealand,GPE,0.19090909090909092,0.33636363636363636,en,1
the Red Sea,the Red Sea,LOC,0.0,0.0,en,1
Quito,Quito,GPE,0.0,0.022222222222222223,en,1
new jersey,new jersey,GPE,0.13636363636363635,0.45454545454545453,en,1
YORK,YORK,GPE,-0.023966942148760332,0.3913223140495868,en,1
Travis,Travis,GPE,0.044444444444444446,0.08888888888888889,en,1
Jason,Jason,GPE,0.13636363636363635,0.4772727272727273,en,1
the Coachella Valley,the Coachella Valley,LOC,0.3333333333333333,0.5,en,1
D.C.,D.C.,GPE,0.19318181818181818,0.3939393939393939,en,1
Snubs,Snubs,GPE,0.0,0.0,en,1
alma,alma,GPE,0.11818181818181818,0.7,en,1
Charlottesville,Charlottesville,GPE,-0.025,0.2,en,1
viewe,viewe,GPE,0.2166666666666667,0.41111111111111115,en,1
progr,progr,GPE,-0.4,0.4,en,1
Indy,Indy,GPE,0.7,0.6000000000000001,en,1
Marc,Marc,GPE,0.0,0.0,en,1
Africa,Africa,LOC,-0.0625,0.0625,en,1
MiamiMiami Herald,MiamiMiami Herald,GPE,0.0606060606060606,0.4431818181818182,en,1
F,F,GPE,0.0,0.0,en,1
BOSTON,BOSTON,GPE,0.0,0.0,en,1
Syria,Syria,GPE,-0.1111111111111111,0.2638888888888889,en,1
Investig,Investig,GPE,0.11666666666666665,0.21666666666666667,en,1
Towns,Towns,GPE,0.07777777777777777,0.37777777777777777,en,1
Louvre,Louvre,GPE,0.5,1.0,en,1
Iowas,Iowas,GPE,0.044444444444444446,0.2888888888888889,en,1
Egypts,Egypts,GPE,-0.0625,0.3125,en,1
Aubervilliers,Aubervilliers,GPE,0.0,0.0,en,1
Windsor,Windsor,GPE,0.0,0.0,en,1
DEMENTED,DEMENTED,GPE,-0.1878787878787879,0.6848484848484849,en,1
WonkTV,WonkTV,GPE,0.0,0.0,en,1
Inter Miami-Al Nassr,Inter Miami-Al Nassr,GPE,-0.4,0.4,en,1
San Siro,San Siro,GPE,0.0,0.3333333333333333,en,1
New York’s,New York’s,GPE,0.13636363636363635,0.45454545454545453,en,1
SPOKANE,SPOKANE,GPE,0.0,0.0,en,1
Maignan,Maignan,GPE,0.0,0.0,en,1
the American West,the American West,LOC,0.0,0.0,en,1
Fox,Fox,GPE,0.09333333333333334,0.5599999999999999,en,1
Jersey Shore's,Jersey Shore's,GPE,0.0,0.0,en,1
Albany,Albany,GPE,0.04999999999999999,0.45,en,1
HOLLYWOOD,HOLLYWOOD,GPE,-0.13333333333333333,0.6666666666666666,en,1
BALTIMORE,BALTIMORE,GPE,-0.4,0.4,en,1
Nobu,Nobu,GPE,0.0,0.0,en,1
Lisbon,Lisbon,GPE,0.4,0.5,en,1
Miami Island,Miami Island,GPE,0.425,0.42500000000000004,en,1
Middle Tennessee,Middle Tennessee,LOC,-0.06666666666666667,0.13333333333333333,en,1
Ravens,Ravens,GPE,0.0,0.0,en,1
OH,OH,GPE,0.2,0.2,en,1
Bidens,Bidens,GPE,0.0,0.0,en,1
horrifyi,horrifyi,GPE,0.2797348484848485,0.6032828282828285,en,1
Cali,Cali,GPE,0.225,0.42500000000000004,en,1
Leah,Leah,GPE,0.16666666666666663,0.5333333333333333,en,1
the West Wing,the West Wing,GPE,0.0,0.19999999999999998,en,1
Los Alamos,Los Alamos,GPE,0.06488095238095237,0.3505952380952381,en,1
Hiroshima,Hiroshima,GPE,0.0285714285714286,0.5178571428571429,en,1
Nagasaki,Nagasaki,GPE,0.0285714285714286,0.5178571428571429,en,1
Hokkaidos,Hokkaidos,GPE,0.0,0.0,en,1
Charlotte,Charlotte,GPE,0.0,0.3,en,1
+3165,+3165,GPE,0.0,0.0,en,1
Wyoming,Wyoming,GPE,0.0,0.0,en,1
Sydney Harbour,Sydney Harbour,LOC,0.25,0.6,en,1
MOSCOW,MOSCOW,GPE,0.0,0.0,en,1
the Pacific region,the Pacific region,LOC,0.5,0.5,en,1
North,North,GPE,0.0,0.0,en,1
Hokkaido,Hokkaido,GPE,0.0,0.0,en,1
Volodymyr,Volodymyr,GPE,0.0,0.0,en,1
Kherson,Kherson,GPE,-0.2,0.0,en,1
Zaporizhzhia,Zaporizhzhia,GPE,-0.2,0.0,en,1
Odessa,Odessa,GPE,-0.1,0.2,en,1
Montecito,Montecito,GPE,0.0,0.0,en,1
Denver,Denver,GPE,0.0,0.1,en,1
the State of Florida,the State of Florida,GPE,0.0,0.0,en,1
Berlaymont,Berlaymont,GPE,0.0,0.16666666666666666,en,1
the Northern District,the Northern District,LOC,0.0,0.0,en,1
+4391,+4391,GPE,0.0,0.0,en,1
Kenough,Kenough,GPE,0.0,0.5,en,1
Mt.,Mt.,LOC,-0.016666666666666666,0.43333333333333335,en,1
Dallas,Dallas,GPE,-0.024999999999999994,0.65,en,1
QB Mt.,QB Mt.,GPE,0.0,0.0,en,1
The South Grounds,The South Grounds,LOC,-0.16666666666666666,0.4611111111111111,en,1
Jordan,Jordan,GPE,0.0,0.0,en,1
Aiken,Aiken,GPE,0.0,0.0,en,1
Euromaidan,Euromaidan,GPE,0.0,0.0,en,1
Apple+,Apple+,GPE,-0.022727272727272728,0.35424242424242425,en,1
Dublin,Dublin,GPE,0.05,0.5333333333333333,en,1
UCD,UCD,GPE,0.05,0.5333333333333333,en,1
+3541,+3541,GPE,0.2857142857142857,0.5357142857142857,en,1
Grove City,Grove City,GPE,0.23896103896103899,0.42987012987012985,en,1
VATICAN,VATICAN,GPE,0.04444444444444443,0.39722222222222225,en,1
Uptown,Uptown,GPE,-0.024999999999999994,0.65,en,1
Munich,Munich,GPE,0.0,0.0,en,1
North America,North America,LOC,0.15714285714285714,0.2642857142857143,en,1
Sochi,Sochi,GPE,0.0,0.0,en,1
+2085,+2085,LOC,0.0,0.0,en,1
DFW,DFW,GPE,0.0,0.0,en,1
+970,+970,GPE,0.3,0.5,en,1
Autostraddle,Autostraddle,GPE,0.225,0.31666666666666665,en,1
Russi,Russi,GPE,0.0,0.0,en,1
Tiber Island,Tiber Island,LOC,0.0,0.25,en,1
+6984,+6984,GPE,0.0,0.0,en,1
Real Madrid,Real Madrid,GPE,0.2,0.30000000000000004,en,1
New York&quot,New York&quot,GPE,0.13636363636363635,0.45454545454545453,en,1
Sharifby,Sharifby,GPE,0.13636363636363635,0.45454545454545453,en,1
WritersNew Delhi,WritersNew Delhi,GPE,0.13636363636363635,0.45454545454545453,en,1
Versailles,Versailles,GPE,0.0,1.0,en,1
AZ,AZ,GPE,0.0,0.0,en,1
Atlantic,Atlantic,LOC,0.0,0.0,en,1
Mediterranean,Mediterranean,LOC,0.0,0.0,en,1
Kolkata,Kolkata,GPE,0.0,0.0,en,1
Santa Barbara Film Festival,Santa Barbara Film Festival,GPE,0.2,0.3,en,1
Jerusalems Old City,Jerusalems Old City,GPE,0.2333333333333333,0.36111111111111116,en,1
Border,Border,LOC,-0.4,0.55,en,1
Mario,Mario,GPE,0.0,0.0,en,1
Tanzania,Tanzania,GPE,0.0,0.0,en,1
subseq,subseq,GPE,-0.04999999999999999,0.575,en,1
+4576,+4576,GPE,-0.04999999999999999,0.575,en,1
West Wing,West Wing,GPE,0.25896464646464645,0.42853535353535355,en,1
FL,FL,GPE,0.0,0.0,en,1
Biden,Biden,GPE,0.0,0.0,en,1
Pittsburgh,Pittsburgh,GPE,0.0,0.0,en,1
New Jersey’s,New Jersey’s,GPE,0.06818181818181818,0.22727272727272727,en,1
GA,GA,GPE,0.0,0.0,en,1
Kanye West’s,Kanye West’s,GPE,0.0,0.0,en,1
Saint Petersburg,Saint Petersburg,GPE,0.0,0.0,en,1
Barbie Mania,Barbie Mania,GPE,0.35,0.25,en,1
the Twin Cities,the Twin Cities,LOC,0.0,0.0,en,1
Justin‘s,Justin‘s,GPE,0.18409090909090908,0.45090909090909087,en,1
Roubaix,Roubaix,GPE,-0.0625,0.3875,en,1
Las Vegasless,Las Vegasless,GPE,0.0,0.25,en,1
Obama,Obama,GPE,0.0,0.0,en,1
Santa,Santa,GPE,0.0,0.25,en,1
Freeman,Freeman,GPE,0.0,0.0,en,1
+2419,+2419,GPE,0.0,0.0,en,1
Maryla,Maryla,GPE,-0.4,0.5,en,1
Kiawah Island,Kiawah Island,GPE,0.2,0.25,en,1
U.S.-Mexico,U.S.-Mexico,GPE,0.15,0.45,en,1
Perth,Perth,GPE,0.0,0.0,en,1
Bundchen,Bundchen,GPE,0.9,0.9,en,1
+895,+895,GPE,0.0,0.0,en,1
Nassau County,Nassau County,GPE,0.11904761904761905,0.19047619047619047,en,1
BarbieLand,BarbieLand,LOC,0.25,0.3333333333333333,en,1
America Ferrara,America Ferrara,GPE,0.8,0.2,en,1
Mideast,Mideast,LOC,0.0,0.0,en,1
Kremlin,Kremlin,GPE,-0.125,0.375,en,1
Harlingen,Harlingen,GPE,-0.4,0.5,en,1
Azerbaijan,Azerbaijan,GPE,0.0,0.0,en,1
Moline,Moline,GPE,0.0,0.0,en,1
the South Caucasus,the South Caucasus,LOC,-0.016666666666666663,0.32916666666666666,en,1
+1970,+1970,GPE,0.4,0.4083333333333333,en,1
Kiev,Kiev,GPE,0.43333333333333335,0.6666666666666666,en,1
Katie Britts State,Katie Britts State,GPE,-0.16666666666666666,0.75,en,1
Argentinas,Argentinas,GPE,0.25,0.3333333333333333,en,1
St. Peter’s,St. Peter’s,GPE,0.125,0.25,en,1
Taiwan,Taiwan,GPE,-0.16249999999999995,0.3,en,1
D-Va.,D-Va.,GPE,0.0625,0.5,en,1
Thistle,Thistle,GPE,0.0,0.0,en,1
Scotlands,Scotlands,GPE,0.0,0.0,en,1
Ill.,Ill.,GPE,0.0,0.0,en,1
Midwest,Midwest,LOC,0.125,0.4,en,1
